id,res,r6145_NW_014465111,r6135_NW_014465111,r6159_NW_014465111,r1697_NW_014465022,r1692_NW_014465022,r1693_NW_014465022,r1759_NW_014465022,r1685_NW_014465022,r1703_NW_014465022,r1711_NW_014465022,r1730_NW_014465022,r1731_NW_014465022,r1756_NW_014465022,r1608_NW_014465022,r1607_NW_014465022,r4814_NW_014465062,r4799_NW_014465062,r4796_NW_014465062,r4791_NW_014465062,r5275_NW_014465075,r2584_NW_014465030,r2615_NW_014465030,r2616_NW_014465030,r2633_NW_014465030,r5445_NW_014465080,r5434_NW_014465080,r5446_NW_014465080,r5440_NW_014465080,r2532_NW_014465030,r2534_NW_014465030,r2536_NW_014465030,r2537_NW_014465030,r2544_NW_014465030,r2545_NW_014465030,r2572_NW_014465030,r2590_NW_014465030,r2637_NW_014465030,r2650_NW_014465030,r2200_NW_014465026,r2209_NW_014465026,r2163_NW_014465026,r2160_NW_014465026,r2162_NW_014465026,r3361_NW_014465039,r1582_NW_014465021,r6240_NW_014465115,r6484_NW_014465136,r6233_NW_014465115,r6235_NW_014465115,r6499_NW_014465136,r6492_NW_014465136,r5952_NW_014465100,r5963_NW_014465100,r6415_NW_014465128,r6189_NW_014465112,r6491_NW_014465136,r6244_NW_014465115,r6239_NW_014465115,r1520_NW_014465021,r1534_NW_014465021,r1554_NW_014465021,r1553_NW_014465021,r1560_NW_014465021,r1556_NW_014465021,r1589_NW_014465021,r5107_NW_014465068,r5075_NW_014465068,r5106_NW_014465068,r5087_NW_014465068,r5550_NW_014465085,r3307_NW_014465039,r3322_NW_014465039,r3321_NW_014465039,r3323_NW_014465039,r3320_NW_014465039,r5665_NW_014465088,r5649_NW_014465088,r5641_NW_014465088,r5632_NW_014465088,r5670_NW_014465088,r5666_NW_014465088,r5650_NW_014465088,r1367_NW_014465020,r1361_NW_014465020,r1366_NW_014465020,r1354_NW_014465020,r1324_NW_014465020,r1323_NW_014465020,r1306_NW_014465020,r1309_NW_014465020,r1451_NW_014465020,r1442_NW_014465020,r1419_NW_014465020,r1443_NW_014465020,r1441_NW_014465020,r1409_NW_014465020,r1417_NW_014465020,r1433_NW_014465020,r1432_NW_014465020,r4837_NW_014465063,r4832_NW_014465063,r4861_NW_014465063,r3223_NW_014465038,r3230_NW_014465038,r3303_NW_014465038,r6015_NW_014465105,r6572_NW_014465147,r6033_NW_014465105,r6029_NW_014465105,r3968_NW_014465047,r3978_NW_014465047,r5510_NW_014465083,r5508_NW_014465083,r3449_NW_014465041,r3441_NW_014465041,r3448_NW_014465041,r1198_NW_014465019,r1121_NW_014465019,r1135_NW_014465019,r1122_NW_014465019,r1172_NW_014465019,r1262_NW_014465019,r1261_NW_014465019,r2991_NW_014465035,r3007_NW_014465035,r3006_NW_014465035,r3011_NW_014465035,r3014_NW_014465035,r3026_NW_014465035,r3027_NW_014465035,r3054_NW_014465035,r3055_NW_014465035,r3064_NW_014465035,r3071_NW_014465035,r5358_NW_014465078,r5357_NW_014465078,r5359_NW_014465078,r5354_NW_014465078,r2939_NW_014465034,r2867_NW_014465034,r2901_NW_014465034,r2908_NW_014465034,r6368_NW_014465125,r6076_NW_014465108,r6089_NW_014465108,r1957_NW_014465024,r1958_NW_014465024,r1923_NW_014465024,r2056_NW_014465024,r2055_NW_014465024,r2048_NW_014465024,r2047_NW_014465024,r2058_NW_014465024,r2040_NW_014465024,r4825_NW_014465063,r4852_NW_014465063,r776_NW_014465016,r734_NW_014465016,r733_NW_014465016,r741_NW_014465016,r742_NW_014465016,r723_NW_014465016,r751_NW_014465016,r780_NW_014465016,r796_NW_014465016,r2061_NW_014465025,r2116_NW_014465025,r2102_NW_014465025,r2103_NW_014465025,r2082_NW_014465025,r5253_NW_014465074,r5246_NW_014465074,r1069_NW_014465018,r1080_NW_014465018,r1099_NW_014465018,r6702_NW_014465713,r1011_NW_014465018,r1012_NW_014465018,r1017_NW_014465018,r1018_NW_014465018,r1027_NW_014465018,r4779_NW_014465061,r4780_NW_014465061,r4757_NW_014465061,r197_NW_014465015,r58_NW_014465015,r3639_NW_014465042,r17_NW_014465015,r332_NW_014465015,r27_NW_014465015,r154_NW_014465015,r4749_NW_014465061,r4781_NW_014465061,r1010_NW_014465018,r1004_NW_014465018,r996_NW_014465018,r1075_NW_014465018,r1060_NW_014465018,r1061_NW_014465018,r3729_NW_014465043,r4140_NW_014465049,r3697_NW_014465043,r4116_NW_014465049,r4115_NW_014465049,r4634_NW_014465058,r4629_NW_014465058,r4635_NW_014465058,r6333_NW_014465121,r5009_NW_014465066,r4981_NW_014465066,r5796_NW_014465092,r3502_NW_014465042,r3493_NW_014465042,r3527_NW_014465042,r3521_NW_014465042,r3498_NW_014465042,r3492_NW_014465042,r3526_NW_014465042,r3507_NW_014465042,r5802_NW_014465092,r5816_NW_014465092,r4243_NW_014465051,r4969_NW_014465066,r6359_NW_014465124,r6428_NW_014465130,r5852_NW_014465094,r5851_NW_014465094,r4299_NW_014465052,r5844_NW_014465094,r5847_NW_014465094,r5310_NW_014465076,r5305_NW_014465076,r5302_NW_014465076,r5301_NW_014465076,r5528_NW_014465084,r5513_NW_014465084,r6289_NW_014465119,r4525_NW_014465056,r4485_NW_014465056,r4489_NW_014465056,r2653_NW_014465031,r2654_NW_014465031,r2673_NW_014465031,r2661_NW_014465031,r2662_NW_014465031,r6208_NW_014465113,r5891_NW_014465096,r5890_NW_014465096,r5485_NW_014465082,r5486_NW_014465082,r5897_NW_014465096,r5403_NW_014465079,r5394_NW_014465079,r5159_NW_014465070,r5158_NW_014465070,r1802_NW_014465023,r1771_NW_014465023,r1776_NW_014465023,r1765_NW_014465023,r1762_NW_014465023,r1903_NW_014465023,r1902_NW_014465023,r1909_NW_014465023,r1908_NW_014465023,r5167_NW_014465071,r4604_NW_014465057,r3922_NW_014465046,r4572_NW_014465057,r4576_NW_014465057,r3896_NW_014465046,r3899_NW_014465046,r3898_NW_014465046,r3884_NW_014465046,r3883_NW_014465046,r3891_NW_014465046,r3941_NW_014465046,r3940_NW_014465046,r4465_NW_014465055,r4444_NW_014465055,r4432_NW_014465055,r4420_NW_014465055,r4427_NW_014465055,r4428_NW_014465055,r2481_NW_014465029,r2479_NW_014465029,r2491_NW_014465029,r348_NW_014465015,r2500_NW_014465029,r368_NW_014465015,r2_NW_014465015,r3_NW_014465015,r93_NW_014465015,r102_NW_014465015,r133_NW_014465015,r194_NW_014465015,r188_NW_014465015,r187_NW_014465015,r195_NW_014465015,r199_NW_014465015,r200_NW_014465015,r217_NW_014465015,r6253_NW_014465116,r6252_NW_014465116,r4670_NW_014465059,r4664_NW_014465059,r4687_NW_014465059,r2763_NW_014465032,r2737_NW_014465032,r2732_NW_014465032,r2736_NW_014465032,r687_NW_014465016,r470_NW_014465016,r438_NW_014465016,r428_NW_014465016,r445_NW_014465016,r449_NW_014465016,r4405_NW_014465054,r4406_NW_014465054,r4385_NW_014465054,r4386_NW_014465054,r4370_NW_014465054,r6004_NW_014465104,r2276_NW_014465027,r2253_NW_014465027,r2258_NW_014465027,r2245_NW_014465027,r2246_NW_014465027,r2463_NW_014465029,r3761_NW_014465044,r3762_NW_014465044,r1818_NW_014465023,r1813_NW_014465023,r6502_NW_014465137,r3807_NW_014465045
,,1,1,1,1,1,1,1,1,1,1,1,1,1,1,1,1,1,1,1,1,1,1,1,1,1,1,1,1,1,1,1,1,1,1,1,1,1,1,2,2,2,2,2,2,2,2,2,2,2,2,2,2,2,2,2,2,2,2,2,2,2,2,2,2,2,2,2,2,2,2,2,2,2,2,2,3,3,3,3,3,3,3,3,3,3,3,3,3,3,3,3,3,3,3,3,3,3,3,3,3,3,3,3,3,3,3,3,3,3,4,4,4,4,4,4,4,4,4,4,4,4,4,4,4,4,4,4,4,4,4,4,4,4,4,4,4,4,4,4,4,4,4,5,5,5,5,5,5,5,5,5,5,5,5,5,5,5,5,5,5,5,5,5,5,5,5,5,5,5,5,5,5,6,6,6,6,6,6,6,6,6,6,6,6,6,6,6,6,6,6,6,6,6,6,6,6,6,6,6,7,7,7,7,7,7,7,7,7,7,7,7,7,7,7,7,7,7,7,7,7,7,7,7,7,8,8,8,8,8,8,8,8,8,8,8,8,8,8,8,8,8,8,8,8,8,9,9,9,9,9,9,9,9,9,9,9,9,9,9,9,9,9,9,9,10,10,10,10,10,10,10,10,10,10,10,10,10,10,10,10,10,10,10,11,11,11,11,11,11,11,11,11,11,11,11,11,11,11,11,11,11,12,12,12,12,12,12,12,12,12,12,12,12,12,12,12,13,13,13,13,13,13,13,13,13,13,13,13,13,13,14,14,14,14
,,0,1.00000002822922e-07,0.616962810512254,1.32913355402234,1.32913365402234,1.32913375402234,1.32913385402234,1.32913395402235,2.04171623631751,2.75251066386283,4.495997620569,4.495997720569,5.24745446743169,8.24878977104254,8.24878987104254,12.5297180207649,15.4049121218278,15.4049122218278,15.4049123218278,17.9757007677985,20.5456532023891,20.5456533023891,20.5456534023891,20.5456535023891,21.2577916660264,21.2577917660264,21.2577918660264,21.2577919660264,23.4542933148432,24.162297347959,25.5888683565732,25.5888684565732,25.5888685565732,25.5888686565732,27.016289963245,27.016290063245,27.7400868180396,28.2336592393634,0,2.41878482766776,5.47337446925871,6.17519853653139,6.84937927048023,10.5650905579285,20.8887554211376,21.6405983702654,22.1857112509238,23.4192134869172,23.4192234869172,23.4192334869172,24.1256416181819,27.5575234992162,28.402476116749,29.4549886752101,30.5084089334493,31.9284753166602,31.9284853166602,32.515674999838,34.5053360829809,37.3444531859884,38.051328864003,38.051338864003,38.051348864003,38.0513693546625,40.1918289011713,40.9002895971041,40.9002995971041,40.9003095971041,41.6073671588028,41.6073771588028,44.4733432603479,45.1807417398508,45.1807517398508,45.1807617398508,45.1807717398508,0,0.846663551333958,2.08422444960577,2.60349465049224,2.60350465049224,3.31075444036583,3.31076444036583,4.53188945864179,5.04088586557786,5.04089586557787,6.46264855067767,8.58828631433895,8.58830387120249,9.40877759287164,9.40878759287164,12.7650979950949,13.5857481998612,13.5857581998612,13.5857681998612,13.5857781998612,14.2931555090234,14.9833564833798,18.0195164566527,18.0195264566527,27.6778816934663,27.6778916934663,28.7414331527023,29.8052262550573,29.8052362550573,34.1575312315555,34.8645426234301,34.8645526234301,34.8645626234301,35.5769294106762,0,1.50229899438923,2.24426683162843,2.68839967886344,3.61643232617697,3.61643242617698,3.61643252617698,5.47568627220521,7.30105057305586,9.11031807253799,9.110318172538,9.110318272538,12.0770018131789,12.0770019131789,17.469032177988,18.9022281284276,18.9022282284276,19.6159532444007,19.6159533444007,21.056972175781,21.056972275781,21.7694705715127,21.7694706715127,23.2140807676059,24.6586854713836,24.6586855713836,24.6586856713836,24.6586857713836,26.3901487277917,31.2474205630548,34.1908976055732,34.8965988154941,35.4935451649857,0,2.15044495412706,4.3630864180763,5.19642144220285,5.19642154220285,5.9081260709649,5.90812617096491,5.90812627096491,5.90812637096491,5.90812647096492,5.90812657096492,7.3521987102525,7.3521988102525,7.3521989102525,10.2989833211953,13.0601590799339,13.0601591799339,13.9488270027248,13.9488271027248,13.9488272027248,16.8943610504809,16.8943611504809,17.6056196875867,19.7938324856616,22.7457070057275,22.7457071057275,22.7457072057275,27.263292774803,27.263292874803,27.263292974803,0,1.00000002822922e-07,1.44751240599761,7.68212923431101,7.68212933431101,7.68212943431102,8.39487402612584,8.39487412612585,9.82955142501858,12.775045718268,12.775045818268,15.3349411925285,20.2661507032363,20.2661508032363,20.2661509032363,20.2661510032363,20.2661511032363,20.9747358408209,20.9747359408209,27.1565339668576,28.5856984867051,33.9134445661632,33.9134446661632,34.6844305789998,41.6974913708231,42.403068999668,43.0056225451013,0,2.29890581391953,2.29891581391953,5.89654748888365,5.89655748888365,10.7106091850361,11.6004249440386,12.5379513671815,14.4445026305052,17.3257964731762,17.3258064731762,21.7870020161156,25.3084630080581,25.3084730080581,25.3084830080581,25.3129470181825,26.6133031308502,28.3146290231544,29.1310889736258,29.1310989736258,33.4823514647822,33.4823614647822,34.9045701209606,37.4870162993197,39.1894666900162,0,1.57258805398508,1.57265419845461,3.03128465310507,3.03129465310507,3.03130465310507,5.17149024178296,5.17150024178296,5.17151024178296,5.17152024178296,5.88051336104112,7.30332803232634,8.01176396423578,13.8851669220326,15.3059328597642,15.9849692218973,24.1551357030562,24.1551457030562,24.1551557030562,24.8826474663413,24.8826574663413,0,2.11050039044571,2.70216914691009,4.84177131277215,4.84178131277215,5.59767553143717,11.3332135771534,11.3332517189466,14.2033583193568,14.2033683193568,15.6266312310382,17.0498765275636,17.0498865275636,19.1600759167018,21.2723275156668,22.6962274132211,22.6962374132211,22.6962474132211,24.1531499362375,0,4.51752474853035,8.10954515983429,8.10955515983429,8.10956515983429,10.9794088914319,11.4835918091568,11.4836360325352,12.6992537797081,12.6992960993338,12.6993060993338,13.4071828544971,13.4071928544971,14.8296438008959,16.2513747652493,16.9585434674347,16.9585534674347,16.9585634674347,16.9585734674347,0,0.458836246592687,1.90341382681827,2.61403486700864,2.61403496700864,6.3424504195747,9.29879471538742,9.29879481538742,19.4328751753663,20.5501171809671,22.7545279914461,26.5775314330733,27.7713344938206,27.7713345938206,31.5517828233198,33.7875552280075,33.7875553280075,35.4059045206274,0,2.54692604056963,4.00564125756108,4.00564135756108,6.20066036228517,10.769650515798,15.3263269178455,15.3263270178455,15.3263271178455,17.5143004067828,20.8742019283262,21.9332064098172,21.9332065098172,21.9332066098172,21.9332067098172,0,2.8404380122497,3.72561815712727,4.37878028957846,7.26940659448269,9.63611788408162,16.0896802479891,18.2383199269379,18.2383299269379,19.6579613429048,19.6579713429048,20.366765410242,25.5251358365782,25.5251458365782,0,2.26175682691638,2.97649546522325,3.78117746328788
F2PR05,PR,AB,AB,AB,AB,AB,AB,-,AB,AB,-,AB,AB,AB,AB,AB,AB,AB,AB,AB,AB,-,AB,AB,AB,AB,AB,AB,AB,AB,AB,-,AB,AB,AB,AB,-,AB,AB,-,AB,AB,AB,AA,AB,AB,AB,AB,BB,BB,BB,BB,-,BB,BB,BB,-,BB,BB,BB,BB,BB,BB,BB,-,BB,BB,BB,-,BB,BB,AB,AB,AB,AB,AB,-,AB,-,AB,AB,AB,-,-,AB,AB,AB,AB,AB,AB,AB,AB,-,AB,AB,AB,AB,AB,AB,AB,-,AB,AB,AB,AB,AB,AB,AB,AB,AB,AB,AB,AB,AB,-,AB,AB,-,AB,AB,AB,-,AB,AB,AB,AB,AB,AB,AB,AB,AB,AB,-,-,AB,AB,AB,AB,AB,AB,AB,AB,AB,AB,AB,AB,AB,AB,AB,AB,AB,AB,AB,AB,AB,AB,AB,AB,AB,AB,AB,-,AB,AB,AB,AB,AB,AB,AB,AB,AB,AB,AB,AB,AB,AB,AB,-,AB,AB,AB,AB,AB,AB,AB,BB,BB,BB,BB,BB,BB,-,BB,AB,AB,AB,AB,AB,AB,AB,-,BB,-,BB,BB,BB,BB,BB,BB,BB,BB,BB,BB,-,BB,-,-,BB,BB,BB,BB,-,BB,BB,BB,AB,AB,AB,AB,AB,AB,AB,AB,AB,AB,AB,AB,AB,BB,BB,AB,BB,BB,BB,BB,BB,AB,AB,AB,AB,AB,-,-,AA,-,AA,AA,-,AA,AA,AA,-,-,AA,AA,AB,BB,BB,BB,-,BB,-,-,BB,BB,BB,BB,BB,BB,BB,BB,BB,BB,BB,AB,AB,AB,AB,AB,AB,AB,AB,-,AB,AB,AB,BB,BB,AB,AB,-,-,-,BB,BB,BB,BB,AB,AB,-,AB,AB,AB,-,AB,AB,AB,BB,AB,AB,AB,AB,AB,AB,AB,-,AB,AB,-,AB,AB,AB,AB,AB,-
F2PR07,PR,-,-,BB,AB,-,BB,-,BB,-,BB,BB,BB,BB,BB,BB,-,BB,BB,-,BB,-,BB,-,-,BB,-,-,-,BB,BB,-,BB,-,BB,BB,-,BB,BB,-,AA,AA,-,AA,-,AA,AA,-,-,AA,-,AA,-,AA,AA,-,-,-,-,AA,AA,AA,-,AA,-,AA,-,AA,AA,AA,AA,AA,AA,AA,AA,AA,AB,AB,AB,AB,AB,AB,-,-,-,AB,AB,AB,AB,AB,AB,AB,AB,AB,AB,AB,AB,AB,AB,AB,AB,AB,AB,-,AB,AB,BB,-,BB,BB,-,AB,AB,AB,AB,AB,AB,-,AB,-,AB,AB,AB,AB,AB,AB,-,AB,-,AB,-,-,AB,-,AB,AB,AB,AB,AB,AB,AB,AB,AB,BB,AB,BB,BB,BB,BB,-,-,BB,BB,BB,BB,-,-,BB,-,-,BB,-,-,BB,BB,BB,BB,BB,BB,BB,AB,AB,AB,-,AA,-,-,-,AA,AA,-,AA,-,AA,AA,AA,AA,AA,AA,AA,AA,-,-,AA,-,-,AA,AA,AA,AA,-,AA,AA,AA,-,AA,-,-,AA,AA,-,-,-,-,AB,-,BB,AB,AB,AB,-,AA,AA,-,AB,AB,AB,AB,AB,AB,AB,AB,AB,AB,AB,AB,AB,AB,AB,AB,AB,AB,AB,AB,AB,-,AB,AB,AB,AB,AB,-,AB,AB,AB,AB,AB,AB,AB,AB,AB,AB,AB,-,-,AB,AB,-,-,-,AB,AB,AB,AB,AB,AB,AB,AB,AB,AB,AB,AB,AB,AB,AB,AB,AB,AB,AB,AB,AB,AB,BB,AB,AB,-,-,-,AA,-,-,-,AA,AA,-,AA,AA,AB,AB,-,AB,AB,AB,-,AB,AB,AB,BB,BB,-,-,BB,-,AB,BB,BB,-,BB,BB,BB,BB,-,BB,BB,-
F2PR13,PR,-,-,AB,AB,AB,AB,AB,AB,AB,AB,AB,AB,AB,AB,AB,AB,AB,AB,AB,AB,AB,AB,AB,AB,BB,AB,AB,AB,AB,AB,-,AB,AB,AB,AB,AB,AB,BB,AB,AB,AB,AB,AB,AB,AB,AB,AB,AB,AB,AB,AB,AB,AB,AB,AB,AB,AB,AA,AB,AB,AB,AB,AB,AB,AB,AB,AB,AB,AB,AB,AB,AB,AB,AB,AB,-,AA,AB,AB,AB,AB,AB,-,AB,AB,AB,AB,-,AB,AB,AB,AB,AB,AB,AB,AB,AB,AB,AB,AB,AB,AB,-,AB,BB,BB,-,BB,BB,AA,AA,AA,-,AA,AA,AA,AA,AA,AA,-,AA,AB,AB,AB,AB,AB,AB,AB,AB,AB,AB,AB,AB,AB,AB,AB,AB,AB,AB,AB,AB,AB,AB,BB,BB,BB,BB,BB,BB,BB,BB,BB,BB,BB,BB,BB,BB,BB,BB,BB,BB,BB,BB,BB,-,BB,BB,BB,BB,BB,BB,BB,AA,AA,AA,AA,AA,AA,AA,-,AA,AA,AA,AA,AA,-,AA,AA,-,AA,-,AA,AA,-,AA,AA,AA,AA,AA,AB,AB,-,BB,BB,BB,BB,BB,BB,BB,BB,BB,BB,BB,BB,BB,-,BB,BB,BB,BB,BB,BB,BB,BB,-,AA,AA,AA,-,-,AA,AA,AA,AA,AA,AA,AA,AA,AA,AA,AA,AA,AA,AA,AA,-,AA,AA,AA,AA,-,-,AA,AA,AA,AA,AA,AA,AA,AA,AA,AA,AA,AA,AB,AB,AB,AB,AB,AB,AB,AB,AB,AB,AB,AB,AB,AB,AB,AB,AB,AB,AB,BB,BB,BB,BB,BB,BB,BB,BB,BB,BB,BB,BB,BB,BB,BB,BB,BB,BB,-,AB,AB,AB,AB,AB,AB,AB,AB,AB,AB,-,AB,AB,AB,AB,AB,AB,AB,AB,AB,AB,AB,AB,AB,AB,AB,-,AB,AB,AB,AB,AB
F2PR15,PR,-,AA,AA,AA,AA,-,AA,AA,AA,-,-,AA,AA,-,-,AB,-,AB,AB,-,AB,AB,-,-,BB,-,AB,AB,AB,-,-,AB,AB,-,AB,AB,-,AB,-,-,BB,AB,AB,-,-,-,-,AB,AB,AB,AB,-,AA,-,AB,-,AB,-,AB,AB,-,AB,AB,AB,-,-,AB,AB,AB,AB,AB,AB,-,AB,AB,-,AB,-,-,AB,AB,-,-,AB,AB,AB,-,AA,-,-,-,-,AB,-,AB,AB,-,AB,-,AB,-,AB,AB,-,AB,AB,-,AB,AB,-,AB,AB,AB,-,-,-,-,-,-,AA,AA,AA,AA,AA,AA,AA,AA,-,-,-,AA,AB,-,-,AA,-,AA,AB,AA,AA,AA,-,BB,-,BB,BB,-,BB,-,BB,-,-,-,BB,-,BB,-,BB,-,BB,BB,-,BB,-,-,-,BB,BB,BB,BB,BB,BB,-,-,-,AB,AB,-,AB,-,AB,AB,-,AB,AB,AB,AB,AB,AB,-,-,AB,-,-,-,AB,AB,AB,AB,AB,AB,-,AB,AB,BB,BB,BB,-,-,BB,BB,BB,-,-,BB,BB,-,-,-,-,BB,BB,BB,BB,BB,BB,-,-,-,BB,AB,AB,AB,-,-,AB,AB,AB,AB,AB,AB,AB,-,AB,AB,AA,AA,AA,AA,-,-,AA,AA,-,AA,AA,AA,-,AA,-,AA,AA,AA,-,AA,-,-,-,AA,AA,-,-,AA,AA,AA,AA,AA,-,AA,AA,AA,AA,-,AA,AA,-,AA,AA,AA,AA,-,-,AA,AA,AA,-,AA,AA,AA,AA,-,-,AB,-,AB,AB,AB,-,AB,AB,-,-,AB,-,AB,AB,AB,-,AA,AB,-,AB,-,AB,AB,AB,AB,-,-,AB,-,AB,AB,-
F2PR16,PR,BB,BB,BB,BB,BB,BB,BB,BB,BB,BB,BB,BB,BB,BB,BB,BB,BB,BB,BB,BB,BB,BB,BB,BB,BB,BB,BB,BB,BB,BB,-,BB,BB,BB,BB,BB,BB,BB,AB,AB,AB,AB,AB,AB,AB,AB,AB,AB,AB,AB,AB,AB,AB,AB,AB,AB,AB,AB,AB,AB,AB,AB,AB,AB,AB,AB,AB,AB,AB,AB,AB,AB,AB,AB,AB,AA,AA,AA,AA,AA,AA,AA,AA,AA,AA,AA,AA,AA,AA,AA,AB,AB,AB,AB,AB,AB,AB,AB,AB,AB,AB,AB,AB,AB,AB,AB,AB,AB,AB,AB,AB,AB,AB,AA,AA,AA,AA,-,AA,AA,AA,AA,AA,AA,AA,AA,AA,AA,AA,AA,AA,AA,AA,AA,AA,AA,AA,AA,AA,AA,AA,AA,AB,AB,AB,AB,AB,AB,AB,AB,AB,AB,AB,AB,AB,AB,AB,AB,AB,AB,AB,AB,AB,AB,AB,AB,AB,AB,AB,AB,AB,AB,AB,AB,AB,AB,AB,AB,AB,AB,AB,AB,AB,AB,AB,AB,AB,AB,AB,AB,AB,AB,AB,AB,AB,AB,AB,AB,AB,AA,AA,AA,AA,AA,AA,AA,AA,AA,AA,AA,AA,AA,AA,AA,AA,AA,AA,AA,AA,AA,AA,AA,AA,AA,AA,AA,AA,AA,AA,AA,AA,AA,AA,AA,AA,AA,AA,AA,AA,AA,AB,AB,AB,AB,AB,AB,AB,AB,AB,AB,AB,AB,AB,AA,AA,AA,AA,AA,AA,AA,AA,AA,AA,AA,BB,BB,BB,BB,BB,BB,BB,BB,BB,BB,BB,BB,BB,BB,BB,BB,BB,BB,BB,AB,AB,AB,AB,AB,AA,AA,AA,AA,AA,AA,AA,AA,AA,AA,AA,AA,-,AB,AB,AB,AB,AB,AB,AB,AB,AB,AB,AB,AB,AB,AB,AB,AB,AB,AB,AB,AB,AB,AB,AB,AB,AB,AB,AB,AB,AB,AB,AB,AB,AB
F2PR17,PR,AB,AB,AB,AA,AA,AA,AA,AA,AA,AA,AA,AA,AA,AA,AA,AA,AA,AA,AA,AA,AA,AA,AA,AA,AA,AA,AA,AA,AA,AA,-,AA,AA,AA,AA,AA,AA,AA,AB,AB,AB,AB,AB,AB,AB,AB,AB,AB,AB,AB,AB,AB,AB,AB,AB,AB,AB,AB,AB,AB,AB,AB,AB,AB,AB,AB,AB,AB,AB,AB,AB,AB,AB,AB,AB,AA,AA,AA,AA,AA,AA,AA,AA,AA,AA,AA,AA,AA,AA,AA,AA,AA,AA,AA,AA,AA,AA,AA,AA,AA,AA,AA,AA,AA,AA,AA,-,AA,AA,AB,-,AB,AB,AB,AB,AB,AB,AB,AB,AB,AB,AB,AB,AB,AB,AB,AB,AB,AB,AB,AA,AA,AA,AA,AA,AA,AA,AA,AA,AA,AA,AA,AA,AA,AA,AA,AA,AA,AA,AA,AA,AA,AA,AA,AA,AA,AB,AB,AB,AB,AB,AB,AB,AB,AB,AB,AB,AB,AB,AB,AB,AB,AA,AA,AA,AA,AA,AA,AA,AA,AA,AA,AA,AA,AA,AA,AA,AA,AA,AA,-,AA,AA,AA,AA,AA,AA,AA,AA,AA,AA,AA,AA,AA,AA,AA,AA,AB,AB,AB,AB,AB,AB,AB,AB,AB,AB,AB,AB,AB,AB,AB,AB,AB,BB,BB,BB,BB,BB,BB,BB,BB,BB,BB,BB,BB,BB,BB,BB,BB,BB,BB,BB,BB,BB,AA,AA,AA,AA,AA,AA,AA,AA,AA,AA,AB,AB,AB,AB,AB,AB,AB,AB,AB,AB,AB,AB,AB,AB,AB,-,AB,AB,AB,AB,AB,AB,AB,AB,AB,AB,AB,AB,AA,AA,AA,AA,AA,AB,AB,AB,AB,AB,AB,AB,AB,AB,AB,AB,AB,AB,BB,BB,BB,BB,BB,BB,BB,BB,BB,BB,BB,BB,BB,BB,BB,AA,AA,AA,AA,-,AA,AA,AB,AB,AB,AB,AB,-,AB,AA,AA,AA,AA
F2PR18,PR,AB,AB,AB,AB,AB,AB,AB,AB,AB,AB,AB,AB,AB,BB,BB,BB,BB,BB,BB,BB,BB,BB,BB,-,BB,BB,BB,BB,BB,BB,BB,BB,BB,BB,BB,BB,BB,BB,AB,AB,AB,AB,AB,AB,AB,AB,AB,AB,AB,AB,AB,AB,AB,AB,AB,AB,AB,AB,AB,AB,AB,-,AB,AB,AB,AB,AB,AB,AB,AB,AB,AB,AB,AB,AB,AB,AB,AB,AB,AB,AB,AB,BB,AB,AB,AB,AA,AA,AA,AA,AA,AA,AA,AA,AA,AA,AA,AA,AA,AA,AA,AA,AA,AA,AA,AA,-,AA,AA,AB,AB,AB,AB,AB,AB,AB,AB,AB,AB,AB,AB,AB,AB,AB,AB,AB,AA,AA,AA,AA,AA,AA,AA,AA,AA,AA,AA,AA,AA,AA,AA,AA,AA,AA,AA,AA,AA,AA,AA,AA,AA,AA,AA,AA,AA,AA,AA,AA,AA,AA,AA,AA,AA,AA,AA,AA,AA,AA,AA,AA,AA,AA,AB,AB,AB,BB,BB,BB,BB,BB,BB,BB,BB,BB,BB,BB,BB,BB,BB,BB,BB,BB,BB,BB,BB,BB,AB,AB,AB,AB,AB,AB,AB,AB,AB,AB,AB,AB,AB,AB,AB,AB,AB,AB,AB,AB,AB,AB,AB,AB,AB,AB,AB,AB,AB,AB,AB,AB,AB,AB,BB,BB,BB,BB,BB,BB,BB,BB,BB,BB,BB,BB,BB,BB,BB,AB,AB,AB,AB,AB,AB,AB,AB,AB,AB,AB,AB,AB,AB,AB,AB,AB,AB,AB,AB,AB,AB,AB,AB,AB,AB,AB,AB,AB,AB,AB,AB,AB,AB,AB,AB,AB,AB,AB,AB,AB,AA,AA,AA,AA,AA,AA,AA,AA,AA,AA,AA,AA,AA,AA,-,-,AB,AB,AB,AB,AB,AB,AB,AB,AB,AB,AB,AB,AB,AB,AA,AA,AA,AA,AA,AA,AA,AA,AA,AA,AA,AA,AA,AA,BB,BB,BB,BB
F2PR19,PR,AB,AB,AB,AB,AB,AB,AB,AB,AB,AB,AB,AB,AB,AB,AB,AB,AB,AB,AB,AB,AB,AB,AB,AB,AB,AB,AB,AB,AB,AB,BB,AB,AB,AB,AB,AB,AB,AB,AA,AA,AA,AA,AA,AA,AA,AA,AA,-,AA,AA,AA,AA,AA,AA,AA,AA,AA,AA,AA,AA,AA,AA,AA,AA,AA,AA,AA,AA,AA,AA,AA,AA,AA,AA,AA,AB,AB,AB,AB,AB,AB,AB,AB,AB,AB,AB,AB,AB,AB,AB,AB,AB,AB,AB,AB,AB,AB,AB,AB,AB,AB,AB,AB,AB,AB,AB,-,AB,AB,AB,AB,AB,AB,AB,AB,AB,AB,AB,AB,AB,AB,AB,AB,AB,AB,AB,AB,AB,AB,AB,AB,AB,AB,AB,AB,AB,AB,AB,AA,AA,AA,AA,AB,AB,AB,AB,AB,AA,AB,AB,AB,AB,AB,AB,AB,AB,AB,AB,AB,AB,AB,AB,AB,AB,AA,AA,AA,AA,AA,AA,AA,AA,BB,BB,BB,BB,BB,BB,BB,BB,BB,AB,AB,AB,AB,AB,AB,AB,AB,AB,AB,AB,AB,BB,BB,BB,BB,BB,BB,AA,AA,AA,AA,AA,AB,AB,AB,AB,AB,AB,AB,AB,AB,AB,AB,AB,AB,AB,AB,AB,AB,AB,AB,AB,AB,AB,AB,AB,AB,AB,AB,AB,AB,AB,AB,AB,AB,AB,AB,AB,AA,AA,AA,AA,AA,AA,AA,AA,AB,AB,AB,AB,AB,AB,AB,AB,AB,AB,AB,-,AB,AB,AB,AB,AB,AB,AB,AB,AB,AB,AB,AB,AB,AB,AB,AB,AB,AB,AB,AB,AB,AB,AB,BB,BB,BB,BB,BB,BB,BB,BB,BB,BB,BB,BB,BB,BB,BB,BB,BB,BB,-,BB,BB,BB,BB,BB,BB,BB,BB,BB,BB,-,BB,BB,BB,AB,AB,AB,AB,-,AB,AB,AB,AB,AB,AB,AB,AB,AB,AA,AA,AA,AA
F2PR20,PR,AB,AB,AB,AB,AB,AB,AB,AB,AB,AB,AB,AB,AB,AB,AB,AB,AB,AB,AB,AB,AB,AB,AB,AB,AB,AB,AB,AB,AB,AB,AB,AB,AB,AB,AB,AB,AB,AB,AA,AA,AA,AA,AA,AA,AB,AB,AB,AB,AB,AB,AB,AB,AB,AB,AB,AB,AB,AB,AB,AB,AB,AB,AB,AB,AA,AA,AA,AA,AA,AA,AA,AA,AA,AA,AA,AA,AA,AA,AA,AA,AA,AA,AA,AA,AA,AA,AA,AA,AA,AA,AA,AA,AA,AA,AA,AA,AA,AA,AA,AA,AA,AA,AA,AA,AA,AA,AA,AA,AA,AA,AA,AA,-,AA,AA,AA,-,AA,AA,AA,AA,AA,AA,AA,AA,AA,AA,AA,AA,AA,AA,AA,AA,AA,AA,AA,AA,AA,AA,AA,AA,AA,AB,AB,AB,AB,AB,AB,AB,AB,AB,AB,AB,AB,AB,AB,AB,AB,AB,AB,AB,BB,AB,AB,AB,AA,AA,AA,AA,AA,AA,AA,AA,AA,AA,AA,AA,AA,AA,AA,AA,AA,AA,AA,AA,AA,AA,AA,AA,AA,AA,AA,AA,AA,AA,AA,AA,AA,AA,BB,BB,BB,AB,AB,AB,AB,AB,AB,AB,AB,AB,AB,AB,AB,AB,AB,AB,AB,AB,AB,AB,AB,AB,AB,AB,AB,AB,AB,AB,AB,AB,AB,AB,AB,AB,AB,AB,AB,AB,AB,BB,BB,BB,BB,BB,AA,AA,AA,AA,AA,AA,AA,AA,AA,AA,AA,AA,AA,AA,AA,AA,AA,AA,AA,AB,AB,AB,AB,AB,AB,AB,AB,AB,AB,AB,AB,AB,AB,AB,AB,AB,AB,AB,BB,BB,BB,BB,BB,BB,BB,BB,BB,BB,BB,BB,BB,BB,BB,BB,BB,BB,AB,AB,AB,AB,AB,AB,AB,AB,AB,AB,AB,AB,AB,AB,AB,AB,AB,AB,AB,AB,AB,AB,AB,AB,AB,AB,AB,BB,BB,AB,AB,AB,AB
F2R01,R,AB,AB,AB,AB,AB,AB,AB,AB,AB,AB,AB,AB,AB,AB,AB,AB,AB,AB,AB,AB,BB,BB,BB,BB,BB,BB,BB,BB,BB,BB,-,BB,BB,BB,BB,BB,BB,BB,AB,AB,AB,AB,AB,AB,-,AB,AB,AB,AB,AB,AB,-,AB,AB,AB,AB,AB,AB,AB,AB,AB,AB,AB,AB,AB,AB,AB,AB,AB,AB,AB,AB,AB,AB,AB,AB,AB,AB,AB,AB,AB,AB,AB,AB,AB,AB,AA,AA,AA,AA,AA,AA,AA,AA,AA,AA,AA,AA,AA,AA,AA,AA,AA,AA,AA,AA,-,AA,AA,BB,BB,BB,BB,BB,BB,BB,BB,BB,BB,BB,BB,BB,BB,BB,BB,BB,BB,BB,BB,BB,-,BB,BB,BB,BB,BB,BB,BB,BB,BB,BB,BB,AB,AA,AB,AB,AB,AB,-,AB,AB,AB,AB,AA,AA,AA,AA,AA,AA,AA,AA,-,AA,AA,AA,AA,AA,AA,AA,AA,AA,AA,-,AB,AB,AB,AB,AB,AB,AB,AB,AB,AB,AB,-,AB,AB,AB,AB,AB,AB,AB,AB,AB,AB,AB,AB,AB,AB,BB,BB,BB,BB,BB,-,BB,BB,BB,BB,BB,BB,AB,AB,AB,AB,AB,AA,AB,AB,BB,BB,BB,BB,BB,BB,BB,BB,BB,BB,BB,BB,BB,BB,BB,BB,BB,BB,BB,BB,BB,AB,AB,AB,AB,AB,AB,AB,AB,-,AB,AB,-,AB,AB,AB,AB,AB,AB,AB,AB,-,AB,AB,AB,AA,AA,AB,AB,AB,AB,AB,AB,AB,AB,AB,AB,AB,AB,AB,AB,AB,AB,AB,AB,AB,AB,AB,AB,AB,AB,AB,AB,AB,AB,AB,AB,AB,AB,AB,AB,AB,-,AB,AB,AB,AB,AB,AB,AB,AB,AB,AB,AB,AB,AB,AB,AA,AA,AA,AA,-,AA,AA,AA,AA,AA,AA,AA,-,AA,BB,BB,BB,BB
F2R03,R,AA,AA,AA,AA,AA,AA,AA,AA,AA,AA,AA,AA,AA,AA,AA,AA,AB,AB,AB,AB,AB,AB,AB,AB,AB,AB,AB,AB,AB,AB,AB,AB,AB,AB,AB,AB,AB,AB,BB,BB,BB,BB,BB,BB,BB,BB,BB,BB,BB,BB,BB,BB,BB,BB,BB,BB,BB,BB,BB,BB,BB,BB,BB,BB,BB,BB,BB,BB,BB,BB,BB,BB,BB,BB,BB,AA,AA,AA,AA,AA,AA,AA,AA,AA,AA,AA,AA,AA,AA,AA,AA,AA,AA,AA,AA,AA,AA,AA,AA,AA,AA,AA,AA,AA,AA,AA,AA,AA,AA,AA,AA,AA,AA,AA,AA,AA,AA,AA,AA,AA,AA,AA,AA,AA,AB,AB,AB,AB,AB,AB,AB,AB,AB,AB,AB,AB,AB,AB,AB,AB,AB,AB,AB,AB,AB,AB,AB,AB,AB,AB,AB,AB,AB,AB,AB,AB,AB,AB,AB,AB,AB,AB,AB,AB,AB,AB,AB,AB,AB,BB,BB,BB,AB,AB,AB,AB,AB,AB,AB,AB,AB,AB,AB,AB,AB,AB,AB,AB,AB,AB,AB,AB,AB,AB,AB,AB,AB,AB,AB,AB,AB,AB,AB,AB,AB,AB,AB,AB,AB,AB,AA,AA,AA,AA,AA,AA,AA,AA,AA,AA,AA,AA,AB,AB,BB,BB,BB,BB,BB,BB,AB,AB,AB,AB,AB,AB,AB,AB,AB,AB,AB,AB,AB,AB,AB,AA,AA,AA,AA,AA,AA,AA,AA,AA,AA,AA,AB,AB,AB,AB,AB,AB,AB,AB,AB,AB,AB,AB,AB,AB,AB,AB,AB,AB,AB,AB,AB,AB,AB,AA,AA,AA,AA,AB,AB,AB,AB,AB,AB,AB,AB,AB,AB,AB,AB,AB,AB,AB,AB,AB,AB,-,AB,AB,AB,AB,AB,BB,BB,BB,BB,BB,BB,BB,BB,BB,AA,AA,AA,AA,AA,AA,AA,AA,AA,AA,AA,AA,AA,AA,AA,AA,AA,AA
F2R04,R,BB,BB,BB,BB,BB,BB,BB,BB,BB,BB,BB,BB,BB,BB,BB,BB,BB,BB,BB,AB,AB,AB,AB,AB,AB,AB,AB,AB,AB,AB,AB,AB,AB,AB,AB,AB,AB,AB,AB,AB,AB,AB,AB,AB,BB,BB,BB,BB,BB,BB,BB,BB,BB,BB,BB,BB,BB,BB,BB,BB,BB,BB,BB,BB,AB,AB,AB,AB,AB,AB,AB,AB,AB,AB,AB,AA,AA,AA,AA,AA,AA,AA,AA,AA,AA,AA,AA,AA,AA,AA,AA,AA,AA,AA,AA,AA,AA,AA,AA,AA,AA,AA,AA,AA,AA,AA,AA,AA,AA,AB,AB,AB,AB,AB,AB,AB,AB,AB,AB,AB,AB,AB,AB,AB,AB,AB,AB,AB,AB,AB,AB,AB,AB,AB,AB,AB,AB,AB,AB,AA,AA,AA,AB,AB,BB,BB,BB,BB,BB,BB,BB,BB,BB,BB,BB,BB,BB,BB,BB,BB,BB,BB,BB,BB,BB,BB,AB,AB,AB,AB,AB,AB,AA,AA,AA,AA,AA,AA,AA,AA,AA,AA,AA,AA,AB,AB,AB,AB,AB,AB,AB,AA,AA,AA,AA,AA,AA,AA,AA,AB,AB,AB,AB,AB,AB,AB,AB,AB,AB,AB,AB,AB,AB,AB,AB,AB,AB,AB,AB,AB,AB,AB,AB,AB,AA,AA,AA,AA,AA,AA,AA,AA,AA,AA,AA,AA,AB,AB,AB,AB,AB,AB,AB,AB,AB,BB,BB,BB,BB,BB,BB,BB,BB,BB,BB,BB,BB,BB,BB,BB,BB,BB,BB,BB,AA,AB,AB,AB,AB,AB,AB,AB,AB,AB,AB,AB,AB,AB,AB,AB,AB,AB,AB,AB,AB,AB,AB,AB,AB,AA,AA,AA,AA,AA,AA,AA,AA,AA,AA,AA,-,BB,BB,BB,BB,-,BB,BB,BB,BB,BB,BB,BB,BB,BB,BB,AB,AB,AB,AB,AA,AA,AA,AA,AA,AA,AA,AA,AA,AA,AB,AB,AB,AB
F2R05,R,AB,AB,AB,AB,AB,AB,AB,AB,AB,AB,AB,AB,AB,AB,AB,AB,AB,AB,AB,AB,AB,AB,AB,AB,AB,AB,AB,AB,AB,AB,AB,AB,AB,AB,AB,AB,AB,AB,AB,AB,AB,AB,AB,AB,AB,AB,AB,AB,AB,AB,AB,AB,AB,AB,AB,AB,AB,AB,AB,AB,AB,AB,AB,AB,AB,AB,AB,AB,AB,AB,AB,AB,AB,AB,AB,AB,AB,AB,AB,AB,AB,AB,AB,AB,AB,AB,AB,AB,BB,BB,BB,BB,BB,BB,BB,BB,BB,BB,BB,BB,BB,BB,BB,BB,AB,AB,AB,AB,AB,AB,AB,AB,AB,AB,AB,AB,AB,AB,AB,AB,AB,AB,AB,AB,AB,AB,AB,AB,AB,AB,AB,AB,AB,AB,AB,AB,AB,AB,AB,AB,AB,AB,AB,AB,AB,AB,AB,AB,AB,AB,AB,AB,AB,AB,AB,AB,AB,AB,AB,AB,AB,AB,AB,AB,AB,AB,AB,AB,AB,AB,AB,AB,AA,AA,AA,AA,AA,AA,AA,-,AA,AA,AA,AB,AB,AB,AB,AB,AB,AB,AB,AA,AA,AA,AA,AA,AA,AA,AA,AB,AB,AB,AB,AB,AB,AB,AB,AB,AB,AB,AB,AB,AB,AB,AB,AB,AB,AB,AB,AB,AB,AB,AB,AB,AB,AB,AB,AB,AB,AB,AB,AB,AB,AB,AB,AB,AB,AB,AB,AB,AB,AB,AB,AB,AB,AB,AB,AB,AB,AB,AB,AB,AB,AB,AB,AB,AB,AB,AB,AB,AB,AB,AB,AB,AA,AA,AA,AA,AA,AA,AA,AA,AA,AA,AA,AA,AA,AA,AA,AA,AA,AA,AA,AB,AB,AB,AB,AB,AB,AB,AB,AB,AB,AB,AB,-,AB,AB,AB,AB,AB,BB,AB,AB,AB,AB,AB,BB,BB,BB,BB,BB,BB,BB,BB,BB,AB,AB,-,AB,AB,AB,AB,AB,AB,AB,AB,AB,AA,AA,BB,BB,BB,BB
F2R06,R,AB,AB,AB,AB,AB,AB,AB,AB,AB,AB,AB,AB,AB,AB,AB,AB,AB,AB,AB,AB,AB,AB,-,AB,AB,AB,AB,AB,AB,AB,-,AB,AB,AB,AB,AB,AB,AB,AB,AB,AB,AB,AB,BB,BB,BB,BB,BB,BB,BB,BB,BB,BB,BB,BB,BB,BB,BB,BB,BB,BB,BB,BB,BB,BB,BB,BB,BB,BB,BB,BB,BB,BB,BB,BB,AB,AB,AB,AB,AB,AB,AB,-,AB,AB,AB,AB,AB,AB,AB,AA,AA,AA,AA,AA,AA,AA,AA,AA,AA,AA,AA,AA,AA,AA,AA,-,AA,AA,AB,AB,AB,AB,AB,AB,AB,AB,AB,AB,AB,AB,AB,AB,AB,AB,AB,AB,AB,AB,AB,AB,AB,AB,AB,AB,AB,AB,AB,AB,AB,AB,AB,AA,AA,AA,AA,AA,AA,AA,AA,AA,AA,AA,AA,AA,AA,AA,AA,AA,AA,AA,AA,AA,AA,AA,AA,AA,AA,AA,AA,AA,AA,AA,AA,AA,AA,AA,AA,AA,AA,AA,AA,AA,AA,AB,AB,AB,AB,AB,AB,AB,AA,AA,AA,AA,AA,AA,AA,AA,BB,BB,-,BB,BB,BB,BB,BB,BB,BB,BB,BB,BB,BB,BB,BB,BB,BB,BB,BB,BB,BB,BB,BB,BB,BB,BB,BB,BB,BB,BB,BB,BB,BB,BB,BB,BB,BB,BB,BB,BB,BB,BB,BB,BB,BB,AA,AA,AA,AA,AA,AA,AA,AA,AA,AA,AA,AA,AA,AA,AA,AA,AA,AA,AA,AB,AB,AB,AB,AB,AB,AB,AB,AB,AB,AB,AB,-,AB,AB,AB,AB,AB,AB,AA,AA,AA,AA,AA,AA,AA,AA,-,AA,AA,AA,-,AA,AA,AA,AA,-,-,AA,AA,AA,AA,AB,AB,AB,AB,AB,AB,AB,AB,AB,AB,BB,BB,BB,-,-,BB,BB,BB,BB,BB,BB,BB,-,AB,AB,AB,AB,AB
F2R07,R,AA,AA,AA,AA,AA,AA,AA,AA,AA,AA,AA,AA,AA,AA,AA,AA,AA,AA,AA,AA,AA,AA,AA,AA,AA,AA,AA,AA,AA,AA,AA,AA,AA,AA,AA,AA,-,AA,BB,BB,BB,BB,BB,BB,BB,BB,BB,BB,BB,BB,BB,BB,BB,BB,BB,BB,BB,BB,BB,BB,BB,BB,BB,BB,BB,BB,BB,BB,BB,BB,BB,BB,BB,BB,BB,AB,AB,AB,AB,AB,AB,-,AB,AB,AB,AB,AB,AB,AB,AB,AB,AB,AB,AB,AB,AB,AB,AB,AB,AB,AB,AB,AB,AB,AB,AB,AB,AB,AB,AA,AA,AA,AA,AA,AA,AA,AA,AB,AB,AB,AB,AB,AB,AB,AB,AB,AB,AB,AB,AB,AB,AB,AB,AB,AB,AB,AB,AB,AB,AB,AB,AB,AB,AB,AB,AB,AB,AB,AB,AB,AB,AB,BB,AB,AB,AB,AB,BB,BB,BB,BB,BB,BB,BB,BB,BB,BB,BB,BB,BB,BB,BB,AA,AA,AA,AA,AA,AA,AA,AA,AA,AA,AA,AB,AB,AB,AB,AB,AB,AB,AB,AB,AA,AA,AA,AA,AA,AA,AA,AB,AB,AB,AB,AB,BB,AB,AB,AB,AB,AB,AA,AA,AA,AA,AA,AA,AA,AA,AA,AA,AA,AB,AB,AB,AB,AB,AB,AB,AB,AB,AB,AB,AB,AB,AB,AB,AB,AA,AA,AA,AA,AA,AA,AA,AA,BB,BB,BB,BB,BB,BB,BB,BB,BB,BB,BB,BB,BB,AB,AB,AB,AB,AB,AB,AA,AB,AB,AB,AB,AB,AB,AB,AB,AB,AB,AB,AB,AB,AB,AB,AB,AB,AB,AB,AB,AB,AB,AB,AB,AB,AB,AB,AB,AB,AB,AB,AB,AB,AB,AB,AB,AB,AB,AB,AB,AB,AB,AB,AB,AB,BB,BB,BB,BB,BB,BB,AB,AB,AB,AB,AB,AB,AB,AB,AB,AB,AB,AB,-,AB,BB,BB,BB,BB
F2R08,R,AB,AB,AB,AB,AB,AB,AB,AB,AB,AB,AB,AB,AB,BB,BB,BB,BB,BB,BB,BB,BB,BB,BB,BB,BB,BB,BB,BB,BB,BB,BB,BB,BB,BB,BB,BB,BB,BB,AA,AA,AA,AA,AA,AA,AA,AA,AA,AA,AA,AA,AA,AA,AA,AA,AA,AA,AA,AA,AA,AA,AA,AA,AA,AA,AA,AA,AA,AA,AA,AA,AA,AA,AA,AA,AA,AA,AA,AA,AA,AA,AA,AA,-,AA,AA,AA,AA,AA,AA,AA,AA,AA,AA,AA,AA,AA,AA,AB,AB,AB,AB,AB,AB,AB,AB,AB,AB,AB,AB,BB,BB,BB,BB,BB,BB,BB,BB,BB,BB,BB,BB,BB,BB,BB,BB,BB,BB,BB,BB,BB,BB,BB,BB,BB,BB,BB,BB,BB,BB,BB,BB,BB,BB,BB,BB,BB,BB,BB,BB,BB,BB,BB,BB,BB,BB,BB,BB,AB,AB,AB,AB,-,AB,AB,AB,AB,AB,AB,AB,AB,AB,AB,BB,BB,BB,BB,BB,BB,BB,BB,BB,BB,BB,BB,AB,AB,AB,AB,AB,AB,AB,BB,BB,BB,BB,BB,BB,BB,BB,AB,AB,AB,AB,AB,AB,AB,AB,AB,AB,AB,AB,AB,AB,AB,AB,AB,AB,AB,AB,AB,AB,AB,AB,AB,AB,AB,AB,AB,AB,AB,AB,AB,AB,AB,AB,AB,AB,AB,AB,AB,AB,AB,AB,AB,AB,AB,AB,AB,AB,AB,AB,AB,AB,AB,AB,AB,AB,AB,AB,AB,AB,AB,AB,AB,AB,AB,AB,-,AB,AB,AB,AB,AB,AB,AB,AB,AB,AB,AB,AB,AB,AB,AB,AB,AB,AB,AB,AB,AB,AB,AB,AA,AA,AA,AA,AA,AA,AA,AA,AA,-,AB,AB,AB,AB,AB,BB,BB,BB,BB,BB,BB,BB,BB,BB,BB,AB,AB,AB,AB,AB,AB,AB,AB,AB,AB,AB,AB,AB,AB,AA,AB,AB,AB
F2R09,R,AB,AB,AB,AB,AB,AB,AB,AB,AB,AB,AB,AB,AB,AB,AB,AB,AB,AB,AB,AB,AB,AB,AB,AB,AB,AB,AB,AB,AB,AB,-,AB,AB,AB,AB,AB,AB,AB,AB,BB,AB,AB,AB,AB,AA,AA,AA,AA,AA,AA,AA,AA,AA,AA,AA,AA,AA,AA,AA,AB,AB,AB,AB,AB,AB,AB,AB,AB,AB,AB,AB,AB,AB,AB,AB,AB,AB,AB,AB,AB,AB,AB,AB,AB,AB,AB,AB,AB,AB,AB,AB,AB,AB,AB,AB,AB,AB,AB,AB,AB,AB,AB,AB,AB,AA,AA,-,AA,AA,AA,AA,AA,-,AA,AA,AA,AA,AA,AA,AA,AA,AA,AA,AB,AB,AB,AB,AB,AB,AB,AB,AB,AB,AB,AB,AB,AB,AB,AB,AB,AB,AB,BB,BB,BB,BB,BB,BB,BB,BB,BB,BB,BB,BB,BB,BB,BB,AB,AB,AB,AB,AB,AB,AB,AB,AB,AB,AB,AB,AB,AB,AB,AA,AA,AA,AB,AB,AB,AB,AB,AB,AB,AB,AB,AB,AB,AB,AB,AB,AB,BB,AB,AB,AB,AB,AB,AA,AA,AA,BB,BB,BB,BB,BB,BB,BB,BB,BB,BB,BB,BB,BB,BB,BB,BB,BB,BB,BB,BB,BB,BB,BB,BB,BB,AB,AB,AB,AB,AB,AB,AB,AB,AB,AB,AB,AB,AB,AB,AB,AB,AB,AB,AB,AB,AB,AB,AB,AB,AB,AB,AB,AB,AB,AB,AB,AB,AB,AB,AB,AB,AB,AB,AB,AB,BB,AB,AB,AB,AB,AB,AB,AB,AB,AB,AB,AB,AB,AB,AB,AB,AB,AB,AB,BB,BB,BB,BB,BB,BB,BB,BB,BB,BB,BB,BB,BB,BB,BB,AB,AB,AB,AB,AB,AB,AB,BB,BB,BB,BB,BB,BB,BB,BB,BB,BB,BB,AB,AB,AB,AB,AB,AB,AB,AB,AB,BB,BB,BB,BB,BB,AA,AA,AA,AA
F2R10,R,AB,AB,AB,AB,AB,AB,AB,AB,AB,AB,AB,AB,AB,AB,AB,AB,AB,AB,AB,AB,AB,AB,AB,AB,AB,AB,AB,AB,AB,AB,AB,AB,AB,AB,AB,AB,AB,AB,BB,BB,BB,BB,BB,BB,BB,BB,BB,BB,BB,BB,BB,BB,BB,BB,BB,BB,BB,BB,BB,BB,BB,BB,BB,BB,BB,BB,BB,BB,BB,BB,BB,BB,BB,BB,BB,AA,AA,AA,AA,AA,AA,AA,AA,AA,AA,AA,AA,AA,AA,AA,AA,AA,AA,AA,AA,AA,AA,AA,AA,AB,AB,AB,AB,AB,AB,AB,AB,AB,AB,AA,AA,AA,AA,AA,AA,AA,AA,AA,AA,AA,AA,AA,AA,AA,AA,AA,AA,AA,AA,AA,AA,AA,AA,AA,AA,AA,AA,AA,AA,AA,AA,AA,AA,AA,AA,AA,AA,AA,AA,AA,AA,AA,AA,AA,AA,AA,AA,AA,AA,AA,AA,AA,AA,AA,AA,AA,AA,AA,AA,AA,AA,AA,AA,AA,AA,AA,AA,AA,AA,AA,AA,AA,AA,AA,AA,AA,AA,AA,AA,AA,-,AA,AA,AA,AA,AA,AA,AA,AA,AB,AB,AB,AB,AB,AB,AB,AB,AB,AB,AB,AB,AB,AB,AB,AB,AB,AB,AB,AB,AB,AB,AB,AB,AB,AB,AB,AB,AB,AB,AB,AB,AB,AB,AB,AB,AB,AB,BB,BB,BB,BB,BB,BB,BB,BB,AA,AA,AA,AA,AA,AA,AA,AA,AA,AA,AA,AA,AA,AA,AB,AB,AB,AB,AB,AB,AB,BB,BB,BB,BB,BB,BB,BB,BB,BB,BB,BB,BB,BB,BB,BB,BB,BB,AB,AB,AB,AB,AB,AB,BB,BB,BB,BB,BB,BB,BB,BB,BB,BB,BB,BB,AB,AB,AB,AB,AB,AB,AB,AB,AB,BB,BB,BB,BB,BB,BB,AB,AB,AB,AB,AB,AB,AA,AA,AA,AA,AA,AA,AA,AA,AA,AA,AA,AA
F2R11,R,AB,AB,AB,AB,AB,AB,AB,AB,AB,AB,AB,AB,AB,AB,AB,AB,AB,AB,AB,AB,AB,AB,AB,AB,AB,-,AB,AB,AB,AB,-,AB,AB,AB,AB,AB,AB,AB,AA,AA,AA,AA,AA,AA,AA,AA,AA,AA,AA,AA,AA,AA,AA,AA,AA,AA,AA,AA,AA,AA,AA,-,AA,AA,AA,AA,AA,AA,AA,AA,AA,AA,AA,AA,AA,AB,AB,AB,AB,AB,AB,AB,AB,AB,AB,AB,AB,AB,AB,AB,AB,AB,AB,AB,AB,AB,AB,AB,AB,AB,AB,AB,AB,AB,AB,AB,AB,AB,AB,AA,AA,AA,-,AA,AA,AA,AA,AA,AA,AA,AA,AB,AB,AB,AB,AB,AB,AB,AB,AB,AB,AB,AB,AB,AB,AB,AB,AB,AB,AB,AB,AB,BB,BB,BB,BB,BB,BB,BB,BB,BB,BB,BB,BB,BB,BB,BB,BB,BB,BB,BB,-,BB,BB,-,BB,BB,BB,BB,BB,BB,BB,AA,AA,AA,AA,AA,AA,AA,AA,AA,AA,AA,AA,AA,AA,AA,AA,AA,AA,AA,AA,AA,AA,AA,AA,AA,AA,AA,AB,AB,AB,AB,AB,-,AB,AA,AA,AA,AA,AA,AA,AA,AA,AA,AA,AA,AA,AA,AA,AA,AA,AA,AA,BB,BB,BB,BB,BB,BB,BB,BB,BB,BB,BB,BB,BB,BB,BB,BB,BB,BB,BB,BB,BB,AB,AB,AB,AB,AB,AB,AB,AB,AB,AB,AB,AA,AA,AA,AA,AA,AA,AA,AA,AB,AB,AB,AB,AB,BB,BB,BB,BB,BB,BB,BB,BB,BB,BB,BB,BB,BB,BB,AA,AA,AA,AA,AA,AA,AA,AA,AA,AA,AA,AB,AB,AB,AB,AB,AB,AB,BB,BB,BB,BB,BB,BB,BB,BB,BB,BB,BB,BB,BB,BB,BB,AB,AB,AB,AB,-,AB,AB,AB,AB,AB,AB,AB,AB,AB,AB,AB,AB,AB
F2R12,R,AB,AB,AB,AB,AB,AB,AB,AB,AB,AB,AB,AB,AB,AB,AB,AB,AB,AB,AB,AB,AB,AB,AB,AB,AB,-,AB,AB,AB,AB,-,AB,AB,AB,AB,AB,AB,AB,BB,BB,AB,AB,AB,AB,AB,AB,AB,AB,AB,AB,AB,AA,AA,AB,AB,AB,AB,AB,AB,AB,AB,AB,AB,AB,AB,AB,AB,AB,AB,AB,AB,AB,AB,AB,AB,BB,BB,BB,BB,BB,BB,BB,BB,BB,BB,BB,BB,BB,BB,BB,BB,BB,BB,BB,-,BB,BB,BB,BB,BB,BB,BB,AB,AB,AB,AB,AB,AB,AB,AA,-,AA,-,AA,-,AA,AA,AA,AA,AA,AA,AA,AA,AA,AA,AA,AA,AA,AA,AA,AA,AA,AA,AA,AA,AA,AA,AA,AB,AB,AB,AB,AB,AB,AB,AB,AB,AB,AB,AB,AB,AB,AB,AB,AB,AB,AB,AB,AB,AB,AB,AB,AB,AB,AB,AB,AB,AB,AB,AB,AB,AB,AB,AB,BB,BB,BB,BB,BB,BB,BB,BB,BB,BB,BB,BB,BB,BB,BB,BB,BB,BB,BB,BB,BB,BB,AB,AB,AB,AB,AB,AB,AB,AB,AB,AB,AB,AB,AB,AB,AB,AB,AB,AB,AB,-,AB,AB,AB,AB,AB,AB,AB,AB,AB,AB,AB,AB,AB,AB,AB,AB,AB,AB,AB,AB,AB,AB,AB,AB,AB,AB,AB,AB,AB,BB,BB,BB,BB,BB,BB,BB,BB,BB,BB,BB,BB,BB,BB,BB,BB,BB,BB,BB,AA,AA,AA,AA,AA,AA,AA,AA,AA,AA,AA,AA,AA,AA,AA,AA,AA,AA,AA,AB,AB,AB,AB,AB,AB,AB,AB,AB,AB,AB,BB,BB,BB,BB,BB,BB,BB,-,AB,AB,AB,AB,AB,AB,AB,AB,BB,BB,BB,BB,BB,BB,AB,AB,AB,AB,AB,AB,AB,AB,-,AB,AB,AB,-,AB,AB,AB,AB,AB
F2R13,R,BB,BB,BB,BB,BB,BB,BB,BB,BB,BB,BB,BB,BB,BB,BB,BB,BB,BB,BB,BB,BB,BB,BB,BB,BB,BB,BB,BB,BB,BB,BB,BB,BB,BB,BB,BB,BB,BB,BB,BB,BB,BB,BB,BB,BB,BB,BB,BB,BB,BB,BB,BB,BB,BB,BB,BB,BB,BB,BB,BB,BB,BB,BB,BB,BB,BB,BB,BB,BB,BB,BB,BB,BB,BB,BB,AB,AB,AB,AB,AB,AB,AB,AB,AB,AB,AB,AB,AB,AB,AB,AB,AB,AB,AB,AB,AB,AB,AB,AB,AB,AB,AB,AB,AB,AB,AB,AB,AB,AB,AB,AB,AB,AB,AB,AB,AB,AB,AB,AB,AB,AB,AB,AB,AB,AB,AB,AB,AB,AB,AB,AB,AB,AB,AB,AB,AB,AB,AA,AA,AA,AA,AA,BB,BB,BB,BB,BB,BB,BB,BB,-,BB,BB,BB,BB,BB,BB,BB,BB,BB,BB,BB,BB,BB,BB,-,BB,BB,BB,BB,BB,BB,AB,AB,AB,AB,AB,AB,AB,AB,AB,AB,AB,AB,AB,AB,AB,AB,AB,AB,AB,AB,AB,AB,AB,AB,AB,AB,AB,AB,AB,AB,AB,AB,AB,AB,AB,AB,AB,AB,AB,AB,AB,AB,AB,AB,AB,AB,AB,AB,AB,AB,AB,AB,BB,BB,BB,BB,BB,BB,BB,BB,BB,BB,BB,BB,BB,AB,AB,AB,AB,AB,AB,AB,AB,AA,AA,AA,AA,AA,AA,AA,AA,AA,AA,AA,AA,AA,AA,AB,AB,AB,AB,AB,BB,BB,BB,BB,BB,BB,BB,BB,AB,AB,AB,AB,AB,AB,AB,AB,AB,AB,AB,AB,AB,AB,AB,AB,AB,AB,AB,AB,AB,AB,AB,AB,AB,AB,AB,AB,AB,BB,BB,BB,BB,BB,BB,BB,BB,BB,BB,BB,BB,BB,BB,BB,AA,AA,AA,AA,AA,AA,AA,AA,AA,AA,AA,AA,AA,AA,AA,AA,AA,AA
F2R14,R,BB,BB,BB,BB,BB,BB,BB,BB,BB,BB,BB,BB,BB,AB,AB,AB,AB,AB,AB,AB,AB,AB,AB,AB,AB,AB,AB,AB,AB,AB,AB,AB,AB,AB,AB,AB,AB,AB,AA,AA,AA,AA,AA,AA,AA,AA,AA,AA,AA,AA,AA,AA,AA,AA,AA,-,AA,AA,AA,AA,AA,AA,AA,AA,AA,AA,AA,AA,AA,AA,AA,AA,AA,AA,AA,BB,BB,BB,BB,BB,BB,BB,BB,BB,BB,AB,AB,AB,AB,AB,AB,AB,AB,AB,AB,AB,AB,AB,AB,AB,AB,AB,AB,AB,AB,AB,AB,AB,AB,AB,AB,AB,AB,AB,AB,AB,AB,AB,AB,AB,AB,AB,AB,AB,AB,AB,AB,AB,AB,AB,AB,AB,AB,AB,AB,AB,AB,AB,AB,AB,AB,AB,BB,BB,BB,BB,BB,BB,BB,BB,BB,BB,BB,BB,BB,BB,BB,BB,BB,-,BB,BB,BB,BB,BB,BB,BB,BB,BB,BB,BB,BB,AA,AA,AA,AB,AB,AB,AB,AB,AB,AB,AB,AB,AB,AB,AB,AB,AB,AB,AB,AB,AB,AB,AB,AA,AA,AA,AA,AB,AB,AB,AB,AB,AB,AB,AB,AB,AB,AB,AB,AB,AB,AB,AB,AB,AB,AB,AB,AB,AB,AB,AB,AB,AB,AB,AB,AB,AB,AB,AB,AB,AB,AB,AB,AB,AB,AB,AB,AB,AB,AB,AB,AB,AB,AB,AB,AB,AB,AB,AB,AB,AB,AB,AB,AB,AB,AB,AB,AB,AB,AB,AB,AB,AB,AB,AB,AB,AB,AB,AB,AB,AB,AB,AB,AB,AB,AB,AB,AB,AB,AB,AB,BB,BB,BB,BB,BB,BB,BB,BB,BB,BB,BB,BB,BB,BB,BB,BB,BB,BB,AB,AB,AB,AB,BB,BB,BB,BB,BB,BB,BB,BB,BB,BB,BB,AA,AA,AA,AA,AA,AA,AB,AB,AB,AB,AB,AB,AB,AB,BB,BB,BB,BB
F2R15,R,AA,AA,AA,AA,AA,AA,AA,AA,AA,AA,AA,AA,AA,AA,AA,AA,AA,AA,AA,AA,AA,AA,AA,AA,AA,AA,AA,AA,AB,AB,AB,AB,AB,AB,AB,AB,AB,AB,AA,AA,AA,AA,AA,AA,AA,AA,AA,AA,AA,AA,AA,AA,AA,AA,AA,AA,AA,AA,AA,AA,AA,AA,AA,AA,AA,AA,AA,AA,AA,AA,-,AA,AA,AA,AA,AB,AB,AB,AB,AB,AB,AB,AB,AB,AB,AB,AB,AB,AB,AB,AB,AB,AB,AB,AB,AB,AB,AB,AB,AB,AB,AB,AB,AB,AB,AB,AB,AB,AB,AB,-,AB,AB,AB,AB,AB,AB,AB,AB,AB,AB,AB,AB,AB,AB,AB,AB,AB,AB,AB,AB,AB,AB,AB,AB,AB,AB,AB,AB,AB,AA,AA,BB,BB,BB,BB,BB,BB,BB,BB,BB,BB,BB,BB,BB,BB,BB,BB,BB,BB,BB,BB,AB,AB,AB,AB,AB,AB,AB,AB,AB,AB,AB,AB,AB,AB,AB,AB,AA,AA,AA,AA,AA,AA,AA,AA,AA,AA,AA,AA,-,AA,AA,AB,AB,AB,AB,AB,AB,AA,AA,AA,AA,AA,AA,AA,AA,AA,AA,AA,AA,AA,AA,AA,AA,AA,AA,AA,AA,AA,AA,AA,AA,AA,AA,AA,AA,AA,AA,AA,AA,AA,AA,AA,AA,AA,AA,AA,AA,AA,AA,AA,AA,AA,AA,AB,AB,AB,AB,AB,AB,AB,AB,AB,AB,AB,AB,AB,AB,AB,AB,AB,AB,AB,BB,BB,BB,BB,BB,BB,BB,BB,BB,BB,BB,BB,BB,BB,BB,BB,BB,BB,BB,AB,AB,AB,AB,AB,AB,AB,AB,BB,BB,BB,BB,BB,BB,BB,BB,BB,BB,BB,AB,AB,AB,AB,AB,AB,AB,AB,AB,BB,BB,BB,BB,BB,AA,AA,AA,AA,AA,AB,AB,AB,AB,AB,AB,AB,AB,AB,BB,BB,BB,BB
F2R16,R,AB,AB,AB,AB,AB,AB,AB,AB,AB,AB,AB,AB,AB,AB,AB,AB,AB,AB,AB,AB,AB,AB,AB,AB,AB,-,AB,AB,BB,BB,-,BB,BB,BB,BB,BB,BB,BB,BB,BB,AB,AB,AB,AB,AB,AB,AB,AB,AB,AB,AB,AB,AB,AB,AB,AB,AB,AB,AB,AB,AB,AB,AB,AB,AB,AB,AB,AB,AB,AB,AB,AB,AB,AB,AB,BB,BB,BB,BB,BB,BB,BB,BB,BB,BB,BB,BB,BB,BB,BB,BB,BB,BB,BB,BB,BB,BB,BB,BB,BB,BB,BB,BB,BB,BB,BB,-,BB,BB,BB,BB,BB,BB,BB,BB,BB,BB,BB,BB,BB,BB,BB,BB,BB,BB,BB,BB,BB,BB,BB,BB,BB,BB,BB,BB,BB,BB,BB,BB,BB,BB,BB,AB,AB,AB,AB,AB,AB,AB,AB,AB,AB,AB,AB,AB,AB,AB,AB,AB,AB,AB,AB,AB,AB,AB,AB,AB,AB,AB,AB,AB,AB,AB,AB,AB,AB,AB,AB,AB,AB,AB,AB,AB,AB,AB,AB,AB,AB,AB,AB,AB,AB,AB,AB,AB,AB,AB,AB,AB,BB,BB,BB,BB,BB,-,AB,AB,AB,AB,AB,AB,AB,AB,AB,AB,AB,AB,AB,AB,AB,AB,AB,AB,AB,BB,BB,BB,BB,BB,BB,BB,BB,BB,BB,BB,BB,BB,BB,BB,BB,BB,BB,BB,BB,BB,AB,AB,AB,AA,AA,AA,AA,AA,AA,AA,AA,AA,AA,AA,AA,AA,AA,AA,AA,AA,AA,AA,AA,AA,AA,AA,AA,AA,AA,AA,AA,AA,AA,AA,AA,AA,AA,AA,BB,BB,BB,BB,BB,BB,BB,BB,BB,BB,BB,BB,BB,BB,BB,BB,BB,BB,-,BB,BB,BB,BB,BB,BB,BB,BB,BB,BB,BB,BB,BB,BB,BB,BB,BB,BB,-,BB,BB,BB,BB,BB,BB,BB,-,BB,AB,AB,AB,AB
F2R17,R,AB,AB,AB,AB,AB,AB,AB,AB,AB,AB,AB,AB,AA,AA,AA,AA,AA,AA,AA,AA,AA,AA,AA,AA,AA,-,AA,AA,AA,AA,-,AA,AA,AA,AA,AA,AA,AA,AA,-,AA,AA,AA,AA,AA,AA,AA,AA,AA,AA,AA,AA,AA,AA,AA,AA,AA,AA,AA,AA,AA,AA,AA,AA,AA,AA,AA,AA,AA,AA,AA,AA,AA,AA,AA,AA,AA,AA,AA,AA,AA,-,AA,AA,AA,AA,AA,AA,AA,AA,AA,AA,AA,AA,AA,AA,AA,AA,AA,AB,AB,AB,AB,AB,AB,AB,AB,-,AB,AA,AA,AA,-,AA,AA,AA,AA,AA,AA,AA,AA,AA,AA,AB,AB,AB,AB,AB,AB,AB,AB,AB,AB,AB,AB,AB,AB,AB,AB,AB,AB,AB,BB,BB,BB,BB,BB,BB,BB,BB,BB,BB,BB,BB,BB,BB,BB,BB,BB,BB,BB,BB,BB,BB,BB,BB,BB,BB,BB,BB,BB,BB,AB,AB,AB,AB,AB,AB,AB,AB,AB,AB,AB,AB,AB,AB,AB,AB,AB,AB,AB,AB,AB,AB,AB,AB,AB,AB,AB,AB,AB,AB,AB,AB,-,AB,AB,AB,BB,BB,BB,BB,BB,BB,BB,-,BB,BB,BB,BB,BB,BB,BB,BB,AB,AB,AB,AB,AB,AB,AB,AB,AB,AB,AB,AB,AB,AB,AB,AB,AB,AB,AB,AB,AB,AB,AB,AB,AB,AB,AB,AB,AB,AB,AB,AB,AB,AB,AB,AB,BB,BB,BB,BB,AA,AA,-,AA,AA,AA,AA,AA,AA,AA,AA,AA,AA,AA,AA,AA,AA,AA,AA,AB,AB,AB,AB,AB,AB,AB,AB,AB,AB,AB,BB,BB,BB,BB,BB,BB,BB,BB,BB,BB,BB,BB,BB,BB,BB,BB,BB,BB,BB,BB,BB,BB,AA,AA,AA,AA,-,AA,AA,AA,AA,AA,AA,AA,AA,AA,AB,AB,AB,AB
F2R18,R,AA,AA,AA,AA,AA,AA,AA,AA,AA,AA,AA,AA,AA,AA,AA,AA,AA,AA,AA,AB,AB,AB,AB,AB,AB,AB,AB,AB,AB,AB,AB,AB,AB,AB,AB,AB,AB,AB,AB,AB,AB,AB,AB,AB,AA,AA,AA,AA,AA,AA,AA,AA,AA,AA,AA,AA,AA,AA,AA,AA,AA,AA,AA,AA,AA,AA,AA,AA,AB,AB,AB,AB,AB,AB,AB,AB,AB,AB,AB,AB,AB,AB,AB,AB,AB,AB,AB,AB,AB,AB,AB,AB,AB,AB,AB,AA,AA,AA,AA,AA,AA,AA,AA,AA,AA,AA,AA,AA,AA,AB,-,AB,AB,AB,AB,AB,AB,AB,AB,AB,AB,AB,AB,AB,AB,AB,AB,AB,AB,AB,AB,AB,AB,AB,AB,AB,AB,AB,AB,AB,AB,AB,AB,AB,AB,AB,AB,AB,AB,AB,AB,AB,AB,AB,AB,AB,AB,AB,AB,AB,AB,AB,AB,AB,AB,AB,AB,AB,AB,AB,AB,AB,AB,AB,AB,AB,AB,AB,AB,AB,BB,BB,BB,BB,BB,BB,BB,BB,BB,BB,BB,BB,BB,AB,AB,AB,AB,AB,AB,AB,AB,AB,AB,AB,-,AB,AB,AB,AB,AB,AB,AB,AB,AB,AB,AB,AB,AB,AB,AB,AB,AB,AB,AB,AB,AB,AB,AB,AB,AB,AB,AB,AB,AB,AB,AB,AB,AB,AB,AB,AB,AB,AB,AB,AB,BB,BB,BB,BB,BB,BB,BB,BB,BB,BB,BB,BB,BB,BB,BB,BB,BB,BB,BB,AA,AA,AA,AA,AA,AA,AA,AA,AA,AA,AA,AA,AA,AA,AA,AA,AA,AA,AA,AB,AB,AB,AB,AB,AB,AB,AB,AB,AB,AB,AB,-,AB,AB,AB,AB,BB,BB,BB,BB,BB,BB,BB,BB,BB,BB,BB,BB,BB,BB,BB,BB,AB,AB,AB,AB,-,AB,BB,BB,BB,BB,BB,BB,-,BB,AB,AB,AB,AB
F2R19,R,BB,BB,BB,BB,BB,BB,BB,BB,BB,BB,BB,BB,BB,BB,BB,BB,BB,BB,BB,BB,BB,BB,BB,BB,BB,BB,BB,BB,BB,BB,BB,BB,BB,BB,BB,BB,BB,BB,AB,AB,AB,AB,AB,AB,AB,AB,AB,AB,AB,AB,AB,AB,AB,AB,AB,AB,AB,AB,AB,AB,AB,AB,AB,AB,AB,AB,AB,AB,AB,AB,AB,AB,AB,AB,AB,BB,BB,BB,BB,BB,BB,BB,BB,BB,BB,BB,BB,BB,BB,BB,BB,BB,BB,BB,BB,BB,BB,BB,BB,BB,BB,BB,BB,BB,BB,BB,BB,BB,BB,AB,BB,BB,BB,BB,BB,BB,BB,BB,BB,BB,BB,BB,BB,BB,BB,BB,BB,BB,BB,BB,BB,BB,BB,BB,BB,BB,BB,BB,BB,BB,BB,BB,AA,AA,AA,AA,AA,AA,AA,AA,AA,AA,AA,AA,AA,AA,AA,AA,AA,-,AA,AA,AA,AA,AA,AA,AA,AA,AA,AA,AA,AA,AB,AB,AB,AB,AB,AB,AB,AB,AB,AA,AA,AA,AA,AA,AA,AA,AA,AA,-,AA,AA,AB,AB,AB,AB,AB,AB,AB,AB,AB,AB,AB,AB,AB,AB,AB,AB,AB,AB,BB,BB,BB,BB,BB,BB,BB,BB,AB,AB,AB,AB,AB,AB,AB,AB,AB,AB,AB,AB,AB,AB,AB,AB,AB,AB,AB,AB,AB,AB,AB,AB,AB,AB,BB,BB,BB,BB,BB,BB,AB,AB,AB,AB,AB,AB,AB,AB,AB,AB,AB,AB,AB,AB,AB,AB,AB,AB,AB,AB,AB,AB,AB,AB,AB,AB,AB,AB,AB,AB,AB,AB,BB,BB,BB,-,BB,BB,BB,BB,BB,BB,BB,BB,BB,BB,BB,BB,BB,AB,BB,BB,BB,BB,BB,BB,BB,BB,BB,BB,BB,BB,BB,BB,BB,BB,BB,BB,BB,BB,BB,BB,BB,BB,BB,BB,BB,-,BB,BB,BB,BB,BB
F2R20,R,-,AB,AB,AB,AB,AB,AB,AB,AB,AB,AB,-,AB,AB,AB,AB,AB,AB,AB,AB,AB,AB,AB,AB,AB,-,AB,AB,AB,AB,-,AB,-,AB,AB,AB,AB,AB,AA,-,AA,AA,AA,AA,AB,AB,AB,AB,AB,AB,AB,-,AB,AB,AB,AB,AB,AB,AB,AB,AB,AB,AB,AB,AB,AB,AB,AB,AB,AB,AA,AA,AA,AA,AA,AB,AB,AB,AB,AB,AB,-,AB,AB,AB,AB,AB,-,AB,AB,AB,AB,AB,AB,AB,AB,AB,AB,AB,AB,AB,AB,AB,AB,AB,AB,-,-,AB,BB,-,BB,BB,BB,BB,BB,BB,BB,BB,BB,BB,AB,AB,AB,AB,AB,AB,AB,AB,AB,AB,AB,AB,AB,AB,AB,AB,AB,AB,AB,AB,AB,AB,AB,AB,AB,AB,AB,AB,AB,AB,AB,AB,AB,AB,AB,AB,AB,AB,AB,-,-,AB,AB,AB,AB,AB,AB,AB,AB,AB,AB,BB,BB,BB,BB,BB,BB,BB,BB,BB,BB,BB,BB,BB,BB,-,BB,BB,BB,BB,BB,BB,BB,BB,BB,BB,BB,BB,BB,BB,BB,BB,BB,BB,BB,BB,BB,AB,AB,AB,AB,AB,AB,AB,AB,AB,AB,AB,AB,AB,AB,AB,BB,-,AB,AB,AB,AB,AB,AB,AB,AB,AB,AB,AB,AB,AB,AB,AB,AB,AB,AB,AB,AB,AA,AA,AA,AA,AA,AA,AB,AB,AB,AB,AB,AB,-,AB,AB,AB,AB,AB,AB,AB,AB,AB,AB,AB,AB,AB,AB,AB,AB,AB,AB,AB,AB,AB,AB,AB,AB,AB,BB,BB,BB,-,BB,BB,BB,-,AB,AB,AB,AB,-,AB,AB,AB,AB,AB,-,BB,BB,BB,BB,-,BB,BB,BB,BB,BB,BB,BB,BB,BB,AB,AB,AB,AB,-,AB,AB,AB,AB,AB,-,AB,-,AB,AA,AA,AA,AA
F2R21,R,BB,BB,BB,BB,BB,BB,BB,BB,BB,BB,BB,BB,BB,BB,BB,BB,BB,BB,BB,BB,BB,BB,BB,BB,BB,BB,BB,BB,BB,BB,BB,BB,BB,BB,BB,BB,BB,BB,AA,AA,AA,AA,AA,AA,AA,AA,AA,AA,AA,AA,AA,AA,AA,AA,AA,AA,AA,AA,AA,AA,AA,AA,AA,AA,AA,AA,AA,AA,AA,AA,AA,AA,AA,AA,AA,AB,AB,AB,AB,AB,AB,AB,AB,AB,AB,AB,AB,AB,AB,AB,AB,AB,AB,AB,AB,AB,AB,AB,AB,-,AA,AA,AA,AA,AA,AA,AA,AA,AA,AB,AB,AB,AB,AB,AB,AB,AB,AB,AB,AB,AB,AB,AB,AB,AB,AB,AB,AB,AB,AB,AB,AB,AB,AB,AB,AB,AB,AA,AA,AA,AA,AA,AB,AB,AB,AB,AB,AB,AB,AB,AB,AB,AB,AB,AB,AB,AB,AB,AB,AB,AB,AB,AB,AB,AB,AB,AB,AB,AB,AB,AB,AB,AA,AA,AB,AB,AB,AB,AB,AB,AB,AB,AB,AB,AB,AB,AB,AB,AB,AB,AB,AB,AB,AB,AB,AB,AA,AA,AA,AB,AB,AB,AB,AB,AB,AB,AB,AB,AB,AB,AB,AB,AB,AB,AB,AB,AB,AB,AB,AB,AB,AB,AB,AB,AB,BB,BB,BB,BB,BB,BB,BB,BB,BB,BB,BB,BB,AB,AB,AB,AB,AB,AB,AB,AB,AB,AB,AB,AB,AB,AB,AB,AB,AB,AB,AB,AB,AB,AB,AB,AB,AB,AB,AB,AA,AA,AA,AA,AA,AA,AA,AA,AA,AA,AA,AA,AA,AA,AA,AA,AA,AA,AA,AB,AB,AA,AA,AA,AA,AA,AA,AA,AA,AB,AB,AB,AB,AB,AB,AB,AB,BB,AB,AB,AB,AB,AB,AB,AB,AB,AB,-,BB,BB,BB,BB,AB,AB,AB,AB,AB,AB,AB,AB,AB,AB,AB,AB,AB,AB,-,AB,AB,AB
F2R22,R,AA,AA,AA,AA,AA,AA,AA,AA,AA,AA,AA,AA,AA,AA,AA,AA,AA,AA,AA,AA,AA,AA,AA,AA,AA,AA,AA,AA,AA,AA,AA,AA,AA,AA,AA,AA,AA,AA,BB,BB,BB,BB,BB,BB,BB,BB,BB,BB,BB,BB,BB,BB,BB,BB,BB,BB,BB,BB,BB,BB,BB,BB,BB,BB,BB,BB,BB,BB,BB,BB,BB,BB,BB,BB,BB,AB,AB,AB,AB,AB,AB,AB,AB,AB,AB,AB,AB,AB,AB,AB,AB,AB,AB,AB,AB,AB,AB,AA,AA,AA,AA,AA,AA,AA,AA,AA,AA,AA,AA,AB,AB,AB,AB,AB,AB,AB,AA,AA,AA,AA,AA,AA,AA,AA,AA,AA,AA,AA,AA,AA,AA,AA,AA,AA,AA,AA,AA,-,AA,AA,AA,AA,AA,AA,AA,AA,AA,AA,AA,AA,AA,AA,AA,AA,AA,AA,AA,AA,AA,AA,AA,AA,AA,AA,AA,AA,AB,AB,AB,AB,AB,AB,AB,AB,AB,AB,AB,AB,AB,AB,AB,AB,AB,AB,AB,AB,AA,AB,AB,AB,AB,AB,AB,AB,AB,AB,AB,AB,AB,AA,AB,AB,AB,AB,AB,AB,AB,AB,AB,AB,AB,AB,AB,AB,AB,AB,AB,AB,AB,AB,AB,AB,AB,AB,BB,BB,BB,BB,BB,BB,BB,BB,BB,BB,BB,BB,BB,BB,BB,BB,BB,BB,BB,BB,BB,BB,BB,BB,AB,AB,AB,AB,AB,AB,AB,AB,AB,AB,AB,AB,AB,AB,AB,AB,AB,AB,AB,AB,AB,AB,AB,AB,AB,AB,AB,AB,AB,AB,AB,AB,AB,AB,AB,AB,AB,AB,AB,AB,AB,AB,AB,AB,AB,BB,BB,BB,BB,BB,BB,BB,BB,BB,BB,BB,BB,BB,BB,BB,BB,BB,BB,AB,AB,AB,AB,AB,AB,AB,AB,AB,-,AB,AB,AB,AB,AB,AB,AB,AA,AA,BB,BB,BB,BB
F2S01,S,AB,AB,AB,AB,AB,AB,AB,AB,AB,AB,AB,AB,AB,AB,AB,AB,AB,AB,AB,AB,AB,AB,AB,AB,AB,AB,AB,AB,AB,AB,AB,AB,AB,AB,AB,AB,AB,AB,AA,AA,AA,AA,AA,AA,AA,AA,AA,AA,AA,AA,AA,AA,AA,AA,AA,AA,AA,AA,AA,AA,AA,AA,AA,AA,AA,AA,AA,AA,AA,AA,AA,AA,AA,AA,AA,AB,AB,AB,AB,AB,AB,AB,AB,AB,AB,AB,AB,AB,AB,AB,AB,AB,AB,AB,AB,AB,AB,AB,AB,AB,AB,AB,AB,AB,AB,AB,AB,AB,AB,AB,AB,AB,AB,AB,AB,AB,AB,AB,AB,AB,AB,AB,AB,BB,BB,BB,BB,BB,BB,BB,BB,BB,BB,BB,BB,BB,BB,BB,BB,BB,BB,BB,AB,AB,AB,AB,AB,AB,AB,AB,AB,AB,AB,AB,AB,AB,AB,AB,AB,AB,AB,AB,AA,AA,AA,AA,AA,AA,AA,AA,AA,AA,AA,AA,AA,AA,-,AA,AA,AA,AA,AA,AA,AA,AB,AB,AB,AB,AB,AB,AB,AA,AA,AA,AA,AA,AA,AA,AA,AB,AB,AB,AB,AB,AB,AB,AB,AB,AB,AB,AB,AA,AA,AA,AA,AA,AA,AA,AA,AB,AB,AB,AB,AB,AB,AB,AB,AB,AB,AB,AB,AB,AB,AB,AB,AB,AB,AB,AB,AB,AB,AB,AB,AB,AB,AB,AB,AB,AB,AB,AB,AB,AB,AB,AB,AB,AB,AB,AB,AB,AB,AB,AB,AB,AB,BB,BB,BB,BB,BB,BB,BB,BB,BB,BB,BB,BB,BB,BB,BB,BB,BB,BB,AB,AB,AB,AB,AB,AB,AB,AB,AB,AB,AA,AA,AA,AA,AA,AA,AA,AA,AB,AB,AB,AB,AA,AA,AA,AA,AA,AA,AA,AA,AA,AA,AA,AB,AB,AB,AB,AB,AB,AB,AB,AB,AB,AB,AB,AB,AB,AA,AA,AA,AA
F2S02,S,AA,AA,AA,AA,AA,AA,AA,AA,AA,AA,AA,AA,AA,AA,AA,AA,AA,AA,AA,AB,AB,AB,AB,AB,AB,AB,AB,AB,AB,AB,AB,AB,AB,AB,AB,AB,AB,AB,AB,AB,AB,AB,AB,AB,AB,AB,AB,AB,AA,AB,AB,AB,AB,-,AB,AB,AB,AB,AB,AB,AB,AB,AB,AB,AB,AB,AB,AB,AB,AB,AB,AB,AB,AB,AB,AB,AB,AB,AB,AB,AB,AB,AB,AB,AB,AB,AB,AB,AB,AB,AB,AB,AB,AB,AB,AB,AB,AB,AB,AA,AA,AA,AA,AA,AA,AA,AA,AA,AA,BB,BB,BB,BB,BB,BB,BB,BB,BB,BB,BB,BB,BB,BB,BB,BB,BB,BB,BB,BB,BB,BB,BB,BB,BB,BB,BB,BB,BB,BB,BB,BB,BB,BB,BB,BB,BB,BB,BB,BB,BB,BB,BB,BB,BB,BB,BB,BB,BB,BB,BB,BB,BB,BB,BB,BB,BB,BB,BB,BB,AB,AB,AB,BB,BB,BB,BB,BB,BB,BB,BB,BB,BB,BB,BB,BB,BB,BB,-,BB,BB,BB,BB,BB,BB,BB,BB,BB,BB,BB,AA,AA,AA,AA,AA,AA,AA,AA,AA,AA,AA,AA,AA,AA,AA,AA,AA,AA,AA,AA,AA,AA,AA,AA,AA,AB,AB,AB,AB,AB,AB,AB,AB,AB,AB,AB,AB,AB,AB,AB,AB,AB,AB,AB,AB,AB,AA,AA,AA,AA,AA,AA,AA,AA,AA,AA,AA,AA,AA,AA,AA,AA,AA,AA,AA,BB,BB,BB,BB,BB,BB,BB,BB,BB,BB,BB,BB,BB,BB,BB,BB,BB,BB,BB,AB,AB,AB,AB,AB,AB,AB,AB,AB,AB,AB,AB,AB,AB,AB,AB,-,AB,AA,AA,AA,AA,AA,AA,AA,AA,AA,AA,AA,AA,AA,AA,AA,AA,AA,AA,AA,AA,AA,AA,AA,AA,AA,AA,AA,AA,AA,AB,AB,AB,AB
F2S03,S,BB,BB,BB,BB,BB,BB,BB,BB,AB,AB,AB,AB,AB,AB,AB,AB,AB,AB,AB,AB,AB,AB,AB,AB,AB,AB,AB,AB,AB,AB,AB,AB,AB,AB,AB,AB,AB,AB,AA,AA,AA,AA,AA,AB,AB,AB,AB,AB,AB,AB,AB,AB,AB,AB,AB,AB,AB,AB,AB,AB,AB,AB,AB,AB,AB,AB,AB,AB,AB,AB,AB,AB,AB,AB,AB,AB,AB,AB,AB,AB,AB,AB,AB,AB,AB,AB,AB,AB,AB,AB,AB,AB,AB,AB,AB,AB,AB,AB,AB,AB,AB,AB,AB,AB,AB,AB,AB,AB,AB,AB,AB,AB,AB,AB,AB,AB,AB,AB,AB,AB,AB,AB,AB,AB,AB,AB,AB,AB,AB,AB,AB,AB,AB,AB,AB,AB,AB,AB,AB,AB,AB,AB,BB,BB,BB,BB,BB,BB,BB,BB,BB,BB,BB,BB,BB,BB,BB,BB,BB,-,BB,BB,BB,BB,BB,BB,BB,BB,BB,BB,BB,BB,BB,BB,BB,BB,BB,BB,BB,BB,BB,BB,BB,BB,BB,BB,BB,BB,BB,BB,BB,BB,BB,BB,BB,BB,BB,BB,BB,AB,AB,AB,AB,AB,AB,AB,AB,AB,AB,AB,AB,AB,AB,AB,AB,AB,AB,AB,AB,AB,AB,AB,AB,AB,AB,AB,AB,AB,AB,AB,AB,AB,AB,AB,AB,AB,AB,AB,AB,AB,AB,AB,AB,BB,BB,AB,AB,AB,AB,AB,AB,AB,AB,AB,AB,AB,AB,AB,AB,AB,AB,AB,AB,AB,AA,AA,AA,AA,AA,AA,AA,AA,AA,AA,AA,AA,AA,AA,AA,AA,AA,AA,AA,AB,AB,AB,AB,AB,AB,AB,AB,AB,AB,AB,AB,AB,AB,AA,AA,AA,AA,AB,AB,AB,AB,AB,AB,AA,AA,AA,AA,AA,AA,AA,AA,AA,AB,AB,AB,AB,AB,AB,AB,AB,AB,AB,AB,AB,AB,AB,AA,AA,AA,AA
F2S04,S,BB,BB,BB,BB,BB,BB,BB,BB,BB,BB,BB,BB,BB,BB,BB,BB,BB,BB,BB,BB,BB,BB,BB,BB,BB,BB,BB,BB,BB,BB,BB,BB,BB,BB,BB,BB,BB,BB,AA,AA,AA,AA,AA,AB,AB,AB,AB,AB,AB,AB,AB,AB,AB,AB,AB,AB,AB,AB,AB,AB,AB,AB,AB,AB,AB,AB,AB,AB,AB,AB,AB,AB,AB,AB,AB,AB,AB,AB,AB,AB,AB,AB,AB,AB,AB,AB,AB,AB,AB,AB,AB,AB,AB,AB,AB,AB,AB,AB,AB,AA,AA,AA,AA,AA,AA,AA,AA,AA,AA,BB,BB,BB,BB,BB,BB,BB,-,BB,BB,BB,BB,BB,BB,BB,BB,BB,BB,BB,BB,BB,BB,BB,BB,BB,BB,BB,BB,BB,BB,BB,BB,BB,BB,BB,BB,BB,BB,BB,BB,BB,BB,BB,BB,BB,BB,BB,BB,BB,BB,BB,BB,BB,BB,BB,BB,BB,AB,AB,AB,AB,AB,AB,AB,AB,AB,AB,AB,AB,AB,AB,AB,AB,AB,AB,AB,AB,AB,AB,AB,AB,AB,AB,AB,AB,AB,AB,AB,AB,AB,AB,AB,AB,AB,AB,AB,AB,AB,AB,AB,AB,AB,AB,AB,AB,AB,AB,AB,AB,AB,AB,AB,AB,AB,AB,AA,AA,AA,AA,AA,AA,AA,AA,AA,AA,AA,AA,AA,AA,AA,AA,AA,AA,AA,AA,AA,AB,AB,AB,AB,AB,AB,AB,AB,AB,AB,AB,AB,AB,AB,AB,AB,AB,AB,AB,AB,AB,AB,AB,AB,AB,AB,AB,AB,AB,AB,AB,AB,BB,BB,BB,BB,BB,BB,BB,BB,BB,BB,BB,BB,BB,BB,AB,AB,AB,AB,AB,AB,AB,AB,AB,AB,BB,BB,BB,BB,BB,BB,AB,AB,AB,AB,AB,AB,AB,AB,AB,AA,AA,AA,AA,AA,AA,AA,AA,AA,AA,AA,AA,AA,AA,AA,AA,AA,AA
F2S05,S,BB,BB,BB,BB,BB,BB,BB,BB,BB,BB,BB,BB,BB,BB,BB,BB,BB,BB,BB,BB,BB,BB,BB,BB,BB,BB,BB,BB,BB,BB,BB,BB,BB,BB,BB,BB,BB,BB,BB,AB,AB,AB,AB,AB,AB,AB,AB,AB,AB,AB,AB,AB,AB,AB,AB,AB,AB,AB,AB,AB,AB,AB,AB,AB,AB,AB,AB,AB,AB,AB,AB,AB,AB,AB,AB,BB,BB,BB,BB,BB,BB,BB,BB,BB,BB,BB,BB,BB,BB,BB,AB,AB,AB,AB,AB,AB,AB,AB,AB,AB,AB,AB,AB,AB,AB,AB,AB,AB,AB,BB,BB,BB,BB,BB,BB,BB,BB,BB,BB,BB,BB,BB,BB,BB,BB,BB,BB,BB,BB,BB,BB,BB,AB,AB,AB,AB,AB,AB,AB,AB,AB,AB,BB,BB,BB,BB,BB,BB,BB,BB,BB,BB,BB,BB,BB,BB,BB,BB,BB,BB,BB,BB,BB,BB,BB,BB,BB,BB,BB,BB,BB,BB,BB,BB,BB,AB,AB,AB,AB,AB,AB,AB,AB,AB,AB,AB,AB,AB,AB,AB,AB,AB,AB,AB,AB,AB,BB,BB,BB,AA,AA,AA,AA,AA,AA,AA,AA,AA,AA,AA,AB,AB,AB,AB,AB,AB,AB,AB,AB,AB,AB,AB,AA,AA,AB,AB,AB,AB,AB,AB,AB,AB,AB,AB,AB,AB,AB,AB,AB,AB,AB,AB,AB,AB,AB,AB,AA,AA,AA,AA,AA,AA,AA,AA,AA,AA,AA,AA,AA,AA,AA,AA,AA,AA,AB,AB,AB,AB,AB,AB,AB,AB,AB,AB,AB,AA,AA,AA,AA,AA,AA,AA,AA,AB,AB,AB,AB,AB,AB,AB,AB,BB,AB,AB,AB,AB,AB,AB,BB,BB,BB,AA,AA,AA,AA,AA,AA,AA,AA,AA,AA,AA,AA,AA,AA,AA,AA,AA,AA,AA,AB,AB,AB,AB,AB,AB,AB,AB,AB,AB,AB,AB,AB,AB
F2S06,S,AB,AB,AB,AB,AB,AB,AB,AB,AB,AB,AB,AB,AB,AB,AB,AB,AB,AB,AB,AB,AB,AB,AB,AB,AB,AB,AB,AB,AB,AB,AB,AB,AB,AB,BB,BB,BB,BB,AB,AB,AB,AB,AB,AB,AB,AB,AB,AB,AB,AB,AB,BB,BB,BB,BB,AB,AB,AB,AB,AB,AB,AB,AB,AB,AB,AB,AB,AB,AB,AB,AB,AB,AB,AB,AB,AA,AA,AA,AA,AA,AA,AA,AA,AA,AA,AA,AA,AA,AA,AA,AA,AA,AA,AA,AA,AA,AA,AA,AA,AA,AA,AA,AA,AA,AA,AA,AA,AA,AA,AB,AB,AB,AB,AB,AB,AB,AB,AB,AB,AB,AB,AB,AB,AB,AB,AB,AB,AB,AB,AB,AB,AB,AB,AB,AB,AB,AB,AB,AB,AB,AB,AB,AB,AB,AB,AB,AB,AB,AB,AB,AB,AB,AB,AB,AB,AB,AB,AB,AB,AB,AB,AB,AB,AB,AB,AB,AB,AB,AB,BB,BB,BB,AB,AB,AB,AB,AB,AB,AB,AB,AB,AB,AB,AA,AA,AA,AA,AA,AA,AA,AA,AB,AB,AB,AB,AB,AB,AB,AB,AB,AB,AB,AB,AB,AB,AB,AB,AB,AB,AB,AB,AB,AB,AB,AB,AB,AB,AB,AB,AB,AB,AB,AB,AB,AA,AA,AA,AA,AA,AA,AA,AA,AA,AA,AA,AA,AA,AA,AA,AA,AA,AA,AA,AA,AA,AB,AB,AB,AB,AB,AB,AB,AB,AB,AB,AB,AB,AB,AB,AB,BB,BB,BB,BB,AB,AB,AB,AB,AB,AB,AB,AB,AB,AB,AB,AB,AB,AB,AB,AB,AB,AB,AB,AA,AA,AA,AA,AA,AA,AA,AA,AB,AB,AB,AB,AB,AB,AB,AB,AB,AB,AA,AA,AA,AA,AA,AA,AA,AA,AA,AA,AA,-,AA,AA,AA,AA,AA,AA,AA,AA,AA,AB,AB,AB,AB,AB,AB,AB,AB,AB,AB,AB,AB
F2S07,S,AB,AB,AB,AB,AB,AB,AB,AB,AB,AB,AB,AB,AB,AB,AB,AB,AB,AB,AB,AB,AB,AB,AB,AB,AB,AB,AB,AB,AB,AB,AB,AB,AB,AB,AB,AB,AB,AB,BB,BB,BB,BB,BB,BB,BB,BB,BB,BB,BB,BB,BB,BB,BB,BB,BB,BB,BB,BB,BB,BB,BB,BB,BB,BB,BB,BB,BB,BB,BB,BB,BB,BB,BB,BB,BB,AA,AA,AA,AA,AA,AA,AA,AA,AA,AA,AA,AA,AA,AA,AA,AA,AA,AA,AA,AA,AA,AA,AA,AA,AA,AA,AA,AA,AA,AA,AA,AA,AA,AA,AB,AB,AB,AB,AB,AB,AB,AB,AB,AB,AB,AB,AB,AB,AB,AB,AB,AB,AB,AB,AB,AB,AB,AB,AB,AB,AB,AB,AB,AA,AA,AA,AA,AB,AB,AB,AB,AB,AB,AB,AB,AB,AB,AB,AB,AB,AB,AB,AB,AB,AB,AB,AB,AB,AB,AB,BB,BB,BB,BB,BB,BB,BB,AA,AA,AA,AA,AA,AA,AA,AA,AA,AA,AA,AA,AA,AA,AA,AA,AA,AA,AA,AA,AA,AA,AA,AA,AA,AA,AA,AB,AB,AB,AB,AB,AB,AB,AB,AB,AB,AB,AB,AB,AB,AB,AB,AB,AB,AB,AB,AB,AB,AB,AB,AB,BB,BB,BB,BB,BB,BB,BB,BB,BB,BB,BB,BB,BB,BB,BB,BB,BB,BB,BB,BB,BB,AB,AB,AB,AB,AB,AB,AB,AB,AB,AB,AB,AB,AB,AB,AB,AB,AB,AB,AB,AB,AB,AB,AB,AB,AB,AB,AB,AB,AB,AB,AB,AB,AB,AB,AB,AB,AB,AB,BB,BB,BB,BB,BB,BB,BB,BB,BB,BB,BB,BB,BB,BB,BB,BB,BB,BB,AB,AB,AB,AB,AB,AB,AB,AB,AB,AB,AB,AB,AB,AB,AB,AB,AB,AB,AB,AB,AB,AB,AB,AB,AB,AB,AB,AB,AB,AA,AA,AA,AA
F2S08,S,AB,AB,AB,AB,AB,AB,AB,AB,AB,AB,AB,AB,AB,AB,AB,AB,AB,AB,AB,AB,AB,AB,AB,AB,AB,AB,AB,AB,AB,AB,AB,AB,AB,AB,AB,AB,AB,AB,AB,AB,AB,AB,AB,AB,AB,AB,AB,AB,AB,AB,AB,AB,AB,AB,AB,AB,AB,AB,AB,AB,AB,AB,AB,AB,AB,AB,AB,AB,AB,AB,AB,AB,AB,AB,AB,AA,AA,AA,AA,AA,AA,AA,AA,AA,AA,AA,AA,AA,AA,AA,AA,AA,AA,AA,AA,AA,AA,AA,AA,AB,AB,AB,AB,AB,AB,AB,AB,AB,AB,BB,BB,BB,BB,BB,BB,BB,BB,BB,BB,BB,BB,BB,BB,BB,BB,BB,BB,BB,BB,BB,BB,BB,BB,BB,BB,BB,BB,BB,BB,BB,BB,BB,AA,AA,AA,AA,AA,AA,AA,AA,AA,AA,AA,AA,AA,AA,AA,AA,AA,AA,AA,AA,AA,AA,AA,AA,AA,AA,AA,AB,AB,AB,AA,AA,AA,AA,AA,AA,AA,AA,AA,AA,AA,AA,AA,AA,AA,AA,AA,AA,AA,AA,AA,AA,AA,AA,AA,AA,AA,AB,AB,AB,AB,AB,AB,AB,AB,AB,AB,AB,AB,AB,AB,AB,AB,AB,AB,AB,AB,AB,AB,AB,AB,AB,BB,BB,BB,BB,BB,BB,BB,BB,BB,BB,BB,BB,BB,BB,BB,BB,BB,BB,BB,BB,BB,AB,AB,AB,AB,AB,AB,AB,AB,AB,AB,AB,AB,AB,AB,AB,AB,AB,AB,AB,AB,AB,AB,AB,AB,AB,AB,AB,AB,AB,AB,AB,AB,AB,AB,AB,AB,AB,AB,BB,BB,BB,BB,BB,BB,BB,BB,BB,BB,BB,BB,BB,BB,BB,BB,BB,BB,AA,AA,AA,AA,AA,AA,AA,AA,AA,AA,AA,AA,AA,AA,AA,AB,AB,AB,AB,AB,AB,AA,AA,AA,AA,AA,AA,AA,AA,AA,AA,AA,AA
F2S09,S,BB,BB,BB,BB,BB,BB,BB,BB,BB,BB,BB,BB,BB,BB,BB,BB,BB,BB,BB,BB,BB,BB,BB,BB,BB,BB,BB,BB,BB,BB,BB,BB,BB,BB,BB,BB,AB,AB,AB,AB,AB,AB,AB,AB,AB,AB,AB,AB,AB,AB,AB,AB,AB,AB,AB,AB,AB,AB,AB,AB,AB,AB,AB,AB,AB,AB,AB,AB,AB,AB,AB,AB,AB,AB,AB,AB,AB,AB,AB,AB,AB,AB,AB,AB,AB,AB,AB,AB,AB,AB,AB,AB,AB,AB,AB,AB,AB,AB,AB,AB,AB,AB,AB,AB,AB,AB,AB,AB,AB,AB,AB,AB,AB,AB,AB,AB,AB,AB,AB,AB,AB,AB,AB,AB,AB,AB,AB,AB,AB,AB,AB,AB,AB,AB,AB,AB,AB,AB,AB,AB,AB,AB,AA,AA,AA,AA,AA,AA,AA,AA,AA,AA,AA,AA,AA,AA,AA,AA,AA,AA,AA,AA,AA,AA,AA,AA,AA,AA,AA,AA,AA,AA,AB,AB,AB,AA,AA,AA,AA,AA,AA,AA,AA,AA,AA,AA,AA,AA,AA,AA,AA,AA,AA,AA,AA,AA,AB,AB,AB,BB,BB,BB,BB,BB,BB,BB,BB,BB,BB,BB,BB,BB,BB,BB,BB,BB,BB,BB,BB,BB,BB,BB,BB,BB,AB,AB,AB,AB,AB,AB,AB,AB,AB,AB,AB,AB,AB,AB,AB,AB,AA,AA,AA,AA,AA,BB,BB,BB,BB,BB,BB,BB,BB,BB,BB,BB,BB,BB,BB,BB,BB,BB,BB,BB,AA,AA,AA,AA,AA,AA,AA,AA,AA,AA,AA,AA,AA,AA,AA,AA,AA,AA,AA,AA,AA,AA,AA,AA,AA,AA,AA,AA,AA,AA,AA,AA,AA,AA,AA,AA,AA,AB,AB,AB,AB,AB,AB,AB,AB,AB,AB,AB,AB,AB,AB,AB,AA,AA,AA,AA,AA,AA,AA,AA,AA,AA,AA,AA,AA,AA,AB,AB,AB,BB
F2S10,S,BB,BB,BB,BB,BB,BB,BB,BB,BB,BB,AB,AB,AB,AB,AB,AB,AB,AB,AB,AB,AB,AB,AB,AB,AB,AB,AB,AB,AB,AB,AB,AB,AB,AB,AB,AB,AB,AB,AB,AB,AB,AB,AB,AB,BB,BB,BB,BB,BB,BB,BB,BB,BB,BB,BB,BB,BB,BB,BB,AB,AB,AB,AB,AB,AB,AB,AB,AB,AB,AB,AB,AB,AB,AB,AB,AB,AB,AB,AB,AB,AB,AB,AB,AB,AB,AB,AB,AB,AB,AB,AB,AB,AB,AB,AB,AB,AB,AB,AB,BB,BB,BB,BB,BB,BB,BB,BB,BB,BB,AA,AA,AA,AA,AA,AA,AA,AA,AA,AA,AA,AA,AA,AA,AA,AA,AA,AA,AA,AA,AA,AA,AA,AA,AA,AA,AA,AA,AA,AB,AB,AB,AB,AB,AB,AB,AB,AB,AB,AB,AB,AB,AB,AB,AB,AB,AB,AB,AB,AB,AB,AB,AB,AB,AB,AB,AB,AB,AB,AB,AB,AB,AB,AA,AA,AA,AA,AA,AA,AA,AA,AA,AA,AA,AA,AA,AA,AA,AA,AA,AA,AA,AA,AA,AA,AA,AA,AA,AA,AA,AA,AA,AA,AA,AA,AA,AA,AA,AA,AA,AA,AA,AB,AB,AB,AB,AB,AB,AB,AB,AA,AA,AA,AA,AA,AB,AB,AB,AB,AB,AB,AB,AB,AB,AB,AB,AA,AA,AA,AA,AA,AA,AA,AA,AA,AA,AB,AB,AB,AB,AB,AB,AB,AB,AB,AB,AB,AB,AB,AB,AB,AB,AB,AB,AB,BB,BB,BB,BB,BB,AB,AB,AB,AB,AB,AB,AB,AB,AB,AB,AB,AB,AB,AB,AA,AA,AA,AA,AA,AA,AA,AA,-,AA,AA,AA,AA,AA,AA,AA,AA,AA,AB,AB,AB,AB,AB,AB,AB,AB,AB,AB,AA,AA,AA,AA,AA,AA,AA,AA,AA,AA,AA,AA,AA,AA,AA,AA,AA,AA,AA,AA,AA,AA,AA
F2S11,S,AB,AB,AB,AB,AB,AB,AB,AB,AB,AB,AB,AB,AB,AB,AB,AB,AB,AB,AB,AB,AB,AB,AB,AB,AB,AB,AB,AB,AB,AB,AB,AB,AB,AB,AB,AB,AB,AB,AB,AB,AB,AB,AB,AB,AB,AB,AB,AB,AB,AB,AB,AB,AB,AB,AB,AB,AB,AB,AB,AB,AB,AB,AB,AB,AB,AB,AB,AB,AB,AB,AB,AB,AB,AB,AB,BB,BB,BB,BB,BB,BB,BB,BB,BB,BB,BB,BB,BB,BB,BB,BB,BB,BB,BB,BB,BB,BB,AB,AB,AB,AB,AB,AB,AB,AB,AB,AB,AB,AB,AB,AB,AB,AB,AB,AB,AB,AB,AB,AB,AB,AB,BB,BB,BB,BB,BB,BB,BB,BB,BB,BB,BB,BB,BB,BB,BB,BB,BB,BB,BB,BB,BB,AA,AA,AA,AA,AA,-,AA,AA,AA,AA,AA,AA,AA,AA,AA,AA,AA,AA,AA,AA,AA,AA,AA,AA,AA,AA,AA,AA,AA,AA,AB,AB,AB,AB,AB,AB,AB,AB,AB,AB,AB,AB,AB,AB,AB,AB,AB,AB,AB,AB,AB,AB,AB,AB,AB,AB,AB,AA,AA,AA,AA,AA,AA,AA,AA,AA,AA,AA,AA,AA,AA,AA,AA,AA,AA,AA,AA,AA,AA,AA,AA,AA,BB,BB,BB,BB,BB,BB,BB,BB,BB,BB,BB,BB,BB,BB,BB,BB,BB,BB,BB,BB,BB,AB,AB,AB,AB,AB,AB,AB,AB,AB,AB,AB,AB,AB,AB,AB,AB,AB,AB,AB,AA,AA,AA,AA,AA,AA,AA,AA,AA,AA,AA,AA,AA,AA,AA,AA,AA,AA,AA,AB,AB,AB,AB,AB,AB,AB,AB,BB,BB,BB,BB,BB,BB,BB,BB,BB,BB,AB,AB,AB,AB,AB,AA,AA,AA,AA,AA,AA,AA,AA,AA,AA,AA,AA,AA,AA,AA,AA,AB,AB,AB,AB,AB,AB,AB,AB,AA,AA,AA,AA
F2S12,S,AA,AA,AA,AA,AA,AA,AA,AA,AA,AA,AA,AA,AA,AA,AA,AB,AB,AB,AB,AB,AB,AB,AB,AB,AB,AB,AB,AB,AB,AB,AB,AB,AB,AB,AB,AB,AB,AB,BB,BB,BB,BB,BB,BB,BB,BB,BB,BB,BB,BB,BB,BB,BB,BB,BB,BB,BB,BB,BB,BB,BB,BB,BB,BB,BB,BB,BB,BB,BB,BB,BB,BB,BB,BB,BB,AB,AB,AB,AB,AB,AB,AB,AB,AB,AB,AB,AB,AB,AB,AB,AB,AB,AB,AB,AB,AB,AB,AB,AB,AB,AB,AB,AB,AB,AA,AA,AA,AA,AA,AB,AB,AB,AB,AB,AB,AB,AB,AB,AB,AB,AB,AB,AB,AB,AB,AB,AB,AB,BB,BB,BB,BB,BB,BB,BB,BB,BB,BB,BB,BB,BB,BB,AB,AB,AB,AB,AB,AB,AB,AB,AB,AB,AB,AB,AB,AB,AB,AB,AB,AB,AB,AB,AB,AB,AB,AB,AB,AB,AB,AB,AB,AB,AA,AA,AA,AA,AA,AA,AA,-,AA,AA,AA,AA,AA,AA,AA,AA,AA,AA,AA,AA,AA,AA,AA,AA,AA,AA,AA,AB,AB,AB,AB,AB,AB,AB,AB,AB,AB,AB,AB,AB,AB,AB,AB,AB,AB,AB,AB,AB,AB,AB,AB,AB,AB,AB,AB,AB,AB,AB,AB,AB,AB,AB,AB,AB,AB,AB,AB,AB,BB,BB,BB,BB,BB,AB,AB,AB,AB,AB,AB,AB,AB,AB,AB,AB,AB,AB,AB,AB,AB,AB,AB,AB,AB,AB,AB,AB,AB,AB,AB,AB,AB,AB,AB,AB,AB,AB,AB,AB,AB,AB,AB,AB,AB,AB,AB,AB,AB,AB,AB,AB,AB,AB,AB,AB,AB,AB,AB,AB,AB,AB,AB,AB,AB,AB,AB,AB,AB,AB,AB,AB,AB,AB,AB,AB,AA,AA,AA,AA,AA,AA,AA,AA,AA,AA,AA,AA,AA,AA,AA,AA,AA,AA
F2S15,S,AB,-,AB,AA,AB,AB,AB,AB,-,AB,AB,AB,AB,AB,-,-,-,AB,-,AB,AB,-,-,-,AB,-,AB,-,AB,AB,AB,AB,AB,-,AB,-,AB,-,-,-,AA,-,AA,AB,-,AB,AB,-,-,AB,AA,AA,AB,AB,AB,AB,-,-,-,AB,AB,AB,AB,-,-,-,AB,-,-,AB,AB,AB,-,AB,-,-,-,-,AB,AB,AA,-,-,-,AA,AB,AB,AB,AB,AB,AB,AA,-,AA,-,AA,AB,-,-,AA,AA,-,AB,AB,AB,-,AB,AB,BB,-,-,BB,AB,AB,-,-,BB,BB,AB,AB,-,-,-,AB,-,-,AB,AB,AB,AB,AB,AB,AB,AB,AB,AB,AB,AB,AB,AB,AB,AB,-,-,-,AB,AB,AB,-,-,AB,AB,AB,-,-,-,AB,-,-,AB,AB,-,AB,-,AB,AB,AB,-,-,AB,AB,AB,-,AB,AB,AB,AB,-,AB,BB,-,-,AB,AB,AB,AB,AB,AB,AB,BB,BB,AB,AB,AB,-,AB,-,-,-,BB,AB,-,AB,AB,AB,AB,AB,-,-,-,AB,AB,AB,AB,-,AA,-,AB,AB,AB,AB,AB,AB,AB,-,-,-,AB,-,AB,AB,AB,AB,-,-,AB,AB,AB,AB,AB,AB,AB,-,-,-,AB,AB,AB,AB,AB,-,AB,AB,AB,AB,AB,AB,AB,-,AB,AB,AB,AB,AB,AB,AA,AB,AB,AB,AB,AA,-,-,AB,AB,-,-,AB,AB,-,-,AB,AB,AB,AB,AB,AB,AB,AB,-,AB,-,-,AB,-,-,-,-,-,-,-,-,AB,AB,-,-,-,AB,-,-,AB,-,AB,AB,AB,AB,-,-,AB,AB,AB,-,-,AB,AB,AB,AB,AB,AB,AB,AB,AB,AB,-
F2S16,S,BB,-,BB,-,BB,BB,BB,BB,-,BB,BB,BB,BB,BB,BB,-,-,AB,-,AB,AB,-,-,-,AB,-,AB,AB,AB,-,AB,AB,AB,-,AB,-,-,-,-,-,AB,AB,AB,AB,-,-,AB,-,-,AB,AB,-,AB,AB,AB,AB,-,AB,AA,AB,AB,AB,AB,-,-,-,AB,-,-,AB,AB,AB,-,AB,-,-,BB,BB,BB,BB,BB,-,-,BB,BB,BB,BB,BB,BB,BB,AB,-,-,-,-,AB,AB,AB,-,AB,AB,AB,AB,AB,AB,-,AB,-,AB,-,BB,BB,BB,BB,-,BB,BB,BB,BB,BB,-,-,-,BB,-,-,BB,-,-,BB,BB,BB,BB,BB,BB,BB,BB,BB,BB,BB,BB,BB,AB,-,-,AB,AB,AB,-,-,AB,AB,AB,-,-,-,AB,-,-,AB,AB,-,-,-,AB,AB,AB,-,-,AA,AA,-,AB,AB,AB,AB,AB,AB,AB,AB,AB,-,-,AB,AB,AB,AB,AB,AB,AB,AB,-,AB,AB,-,AB,AB,AB,-,-,BB,-,-,BB,BB,BB,BB,-,-,-,BB,BB,-,-,-,BB,BB,-,BB,BB,BB,BB,-,BB,-,AB,-,AB,AB,-,AB,AB,AB,-,-,AB,AB,AB,AB,AB,AB,AB,-,-,-,-,BB,BB,BB,BB,-,BB,BB,AB,-,AB,AB,AB,-,AB,AB,AB,AB,AB,-,AB,AB,AB,-,AB,AB,-,-,AB,AB,-,-,AB,BB,BB,-,BB,BB,BB,BB,BB,-,BB,AB,AB,AB,-,-,AB,-,AB,-,BB,-,AB,-,-,-,AA,-,-,-,AA,-,AA,-,AA,AA,AA,AA,AA,-,AA,AA,AA,-,-,AA,-,AA,AA,AA,AA,AB,AB,BB,-,BB,-
F2S19,S,AB,-,AB,-,AB,AB,AB,AB,-,AB,AB,AB,AB,AB,AB,AA,-,AB,-,-,BB,-,-,BB,BB,BB,BB,-,BB,BB,BB,BB,-,-,BB,-,BB,-,-,-,AB,AB,AB,AB,-,AB,AB,AB,-,AB,AB,-,AB,AB,AB,AB,-,-,-,AB,AB,AB,-,-,AB,-,AB,-,-,AB,AB,AB,AB,AB,-,-,BB,BB,BB,BB,BB,-,-,BB,BB,BB,BB,BB,BB,BB,BB,-,-,BB,BB,BB,BB,BB,-,BB,BB,BB,BB,BB,BB,BB,BB,BB,BB,-,AA,AA,AA,AA,AA,AA,-,AA,AA,AA,-,-,-,AA,-,-,AA,-,AA,AA,AA,AA,AA,AA,AA,AA,AA,AA,AA,AA,AA,AA,AA,-,-,AA,AA,AA,-,AA,AA,AA,AA,-,AA,-,AA,-,AA,AA,AA,-,-,AA,AA,AA,AA,-,-,AA,AA,AA,AA,AA,AA,AA,AA,AA,AA,-,-,AA,AA,AA,AA,AA,AA,AA,AA,AA,AA,-,AA,AA,AA,AA,AA,-,AA,-,AA,-,AA,AA,AA,AA,AA,-,-,-,AA,-,AA,AA,-,AA,AA,AA,-,AA,AA,AA,-,AA,-,-,-,AB,AB,AB,AB,AB,AB,AB,-,AB,AB,AB,AB,AB,AB,AB,-,AB,AB,-,AB,AB,AB,AB,AB,AB,AB,-,AB,AB,AB,AB,-,AB,AB,AB,AB,AB,BB,BB,BB,BB,BB,BB,BB,BB,-,BB,BB,-,-,BB,BB,BB,-,BB,BB,AA,AA,AA,-,AA,AA,AA,AA,-,-,AA,-,-,-,-,AA,-,-,-,AB,AB,AB,AB,-,AB,AB,-,AB,AB,AB,AB,AB,AB,AB,-,AB,AB,AB,-,-,AB,AB,AB,AB,AB,AB,AB,AA,-,AA,-
F2S21,S,BB,BB,BB,BB,BB,BB,BB,BB,BB,BB,BB,BB,BB,BB,BB,BB,BB,BB,BB,BB,BB,BB,BB,BB,BB,BB,BB,BB,BB,BB,BB,BB,BB,BB,BB,BB,BB,BB,AA,AA,AA,AA,AA,AA,AA,AA,AA,AA,AA,AA,AA,AA,AA,AA,AA,AA,AA,AA,AA,AA,AA,AA,AA,AA,AA,AA,AA,AA,AA,AA,AA,AA,AA,AA,AA,AA,AA,AA,AA,AA,AA,AA,AA,AA,AA,AA,AA,AA,AA,AA,AA,AA,AA,AA,AA,AA,AA,AA,AA,AB,AB,AB,AB,AB,AB,AB,AB,AB,AB,AB,AB,AB,AB,AB,AB,AB,AB,AB,AB,AB,AB,AB,AB,AB,AB,AB,AB,AB,AB,AB,AB,AB,AB,AB,AB,AB,AB,AB,AB,AB,AB,AB,BB,BB,BB,BB,BB,AB,AB,AB,AB,AB,AB,AB,AB,AB,AB,AB,AB,AB,AB,AB,AB,AB,AB,AB,AB,AB,AB,AB,AB,AB,BB,BB,BB,AB,AB,AB,AB,AB,AB,AB,AB,AB,AB,AB,AB,AB,AB,AB,AB,AB,AB,AB,AB,AB,BB,BB,BB,BB,BB,BB,BB,BB,BB,BB,BB,BB,BB,BB,BB,BB,BB,BB,BB,BB,BB,BB,BB,BB,BB,BB,BB,BB,AB,AB,AB,AB,AB,AB,AB,AB,AB,AB,AB,AB,AB,AB,AB,AB,AB,AB,AB,AB,AB,AB,AB,AB,AB,AB,AB,AB,AB,AA,AA,AA,AA,AA,AA,AA,AA,AA,AA,AA,BB,BB,BB,BB,BB,BB,BB,BB,BB,BB,BB,BB,BB,BB,BB,BB,BB,BB,BB,BB,BB,BB,BB,BB,BB,BB,BB,BB,BB,BB,BB,BB,BB,AB,AB,AB,AB,AA,AA,AA,AA,AA,AA,AB,AB,AB,AB,AB,AB,AB,AB,AB,AA,AA,AA,AA,AB,AB,AB,AB,AB,AB,AB,AB,AB,AB,AB,AB,AB,AB
F2S22,S,BB,BB,BB,BB,BB,BB,BB,BB,BB,BB,BB,BB,BB,BB,BB,BB,BB,BB,BB,BB,BB,BB,BB,BB,BB,BB,BB,BB,BB,BB,BB,BB,BB,BB,BB,BB,BB,BB,AB,AB,AB,AB,AB,AB,AB,AB,AB,AB,AB,AB,AB,AB,AB,AB,AB,AB,AB,AB,AB,AB,AB,AB,AB,AB,AB,AB,AB,AB,AB,AB,AB,AB,AB,AB,AB,AB,AB,AB,AB,AB,AB,AB,AB,AB,AB,AB,AB,AB,AB,AB,AB,AB,AB,AB,AB,AB,AB,AB,AB,AB,AB,AB,AB,AB,BB,BB,BB,BB,BB,AB,AB,AB,AB,AB,AB,AB,AB,AB,AB,AB,AB,AB,AB,AB,BB,BB,BB,BB,BB,-,BB,BB,BB,BB,BB,BB,BB,BB,BB,BB,BB,BB,BB,BB,BB,BB,BB,BB,BB,BB,BB,BB,BB,BB,BB,BB,BB,BB,BB,BB,BB,BB,BB,BB,BB,BB,BB,BB,BB,BB,BB,BB,AB,AB,AB,AB,AB,AB,AB,-,AB,AB,AB,AB,AB,AB,AB,AB,AB,AB,AB,AB,AB,AB,AB,AB,AB,AB,AB,AB,AB,AB,AB,AB,AB,AB,AB,AB,AB,AB,AB,AB,AB,AB,AB,AB,AB,AB,AB,AB,AB,AB,AB,AB,AB,AB,AB,AB,AB,AB,AB,AB,AB,AB,AB,AB,AB,AB,AB,AB,AB,AB,AB,AB,AB,AB,AB,AB,AB,AB,AB,AB,AB,AB,AB,AB,AB,AB,AB,AB,AB,AB,AB,AB,BB,BB,BB,BB,BB,BB,BB,BB,BB,BB,BB,BB,BB,AB,AB,AB,AB,AB,AB,AA,AA,AB,AB,AB,AB,AB,AB,AB,AB,AB,AB,AB,AB,AB,AB,AB,AB,AA,AA,AA,AA,AA,AA,AA,AA,AA,AA,AA,AA,AA,AA,AA,AB,AB,AB,AB,AB,AB,AB,AA,AA,AA,AA,AA,AA,AA,AB,AB,AB,AB
F2S23,S,AB,AB,AB,AB,AB,AB,AB,AB,AB,AB,AB,AB,AB,AB,AB,AB,AA,AA,AA,AA,AA,AA,AA,AA,AA,AA,AA,AA,AA,AA,AA,AA,AA,AA,AA,AA,AA,AA,AB,AB,AB,AB,AB,AB,AB,AA,AA,AA,AA,AA,AA,AA,AA,AA,AA,AA,AA,AA,AB,AB,AB,AB,AB,AB,AB,AB,AB,AB,AB,AB,AB,AB,AB,AB,AB,AA,AA,AA,AA,AA,AA,AA,AA,AA,AA,AA,AA,AA,AA,AA,AA,AA,AA,AA,AA,AA,AA,AA,AA,AA,AA,AA,AA,AA,AA,AA,AA,AA,AA,AB,AB,AB,AB,AB,AB,AB,AB,AB,AB,AB,AB,AB,AB,AB,AB,AB,AB,AB,AB,AB,AB,AB,AB,AB,AB,AB,AB,AB,AB,AB,AB,AB,AB,AB,AB,AB,AB,AB,AB,AB,AB,AB,AB,AB,AB,AB,AB,AB,AB,AB,AB,AB,AB,AB,AB,AB,AB,AB,AB,AB,AB,AB,AA,AA,AA,AA,AA,AA,AA,AA,AA,AA,AA,AA,AA,AA,AA,AA,AA,AA,AA,AA,AA,AA,AA,AA,AA,AA,AA,AA,AA,AA,AA,AA,AA,AA,AA,AB,AB,AB,AB,AB,AB,AB,AB,AB,AB,AB,AB,AB,AB,AB,AB,AB,AB,AB,AB,AB,AB,AB,AB,AB,AB,AB,AB,AB,AB,AB,AA,AA,AA,AA,AA,AA,AA,BB,BB,BB,BB,BB,BB,BB,BB,BB,BB,BB,BB,BB,BB,BB,BB,BB,BB,BB,AB,AB,AB,AB,AB,AB,AB,AB,AB,AB,AB,AB,AB,AB,AB,AB,AB,AB,AB,BB,BB,BB,BB,BB,BB,BB,BB,BB,BB,BB,BB,BB,BB,BB,BB,BB,BB,AB,AB,AB,AB,AB,AB,AA,AA,AA,AA,AA,AA,AA,AA,AA,AB,AB,AB,AB,AB,AB,AA,AA,AA,AA,AA,AA,AA,AA,AB,AB,AB,AB
F2S24,S,AA,AA,AA,AA,AA,AA,AA,AA,AA,AB,AB,AB,AB,AB,AB,AB,AB,AB,AB,AB,AB,AB,AB,AB,AB,AB,AB,AB,AB,AB,AB,AB,AB,AB,AB,AB,AB,AB,BB,BB,BB,BB,BB,BB,BB,BB,BB,BB,BB,BB,BB,BB,BB,BB,BB,BB,BB,BB,BB,BB,BB,BB,BB,BB,BB,BB,BB,BB,BB,BB,BB,BB,BB,BB,BB,AB,AB,AB,AB,AB,AB,AB,AB,AB,AB,AB,AB,AB,AB,AB,AB,AB,AB,AB,AB,AB,AB,AB,AB,AB,AB,AB,AB,AB,AB,AB,AB,AB,AB,AB,AB,AB,AB,AB,AB,AB,AB,AB,AB,AB,AB,AB,AB,AB,AB,AB,AB,AB,AB,AB,AB,AB,AB,AB,AB,AB,AB,AB,AB,AB,AB,AB,AB,AB,AB,AB,AB,AB,AB,AB,AB,AB,AB,AB,AB,AB,AB,AB,AB,AB,AB,AB,AB,AB,AB,BB,BB,BB,BB,BB,BB,BB,AA,AA,AA,AA,AA,AA,AA,-,AA,AA,AA,AA,AA,AA,AA,AA,AA,AA,AA,AA,AA,AA,AA,AA,AA,AA,AA,AA,AA,AA,AB,AB,AB,AB,AB,AB,AB,AB,AB,AB,AB,AB,AB,AB,AB,AB,AB,AB,AB,AB,AB,AB,AB,AB,AB,AB,AB,AB,AB,AB,AB,AB,AB,AB,AB,AA,AA,AA,AA,AA,AA,AA,AA,AB,AB,AB,AB,AB,AB,AA,AA,AA,AA,AA,AA,AA,AA,AA,AA,AA,AA,AA,BB,BB,BB,BB,BB,BB,BB,BB,BB,BB,BB,BB,BB,BB,BB,BB,BB,BB,BB,AB,AB,AB,AB,AB,AB,AB,AB,AB,AB,AB,AB,AB,AB,AB,AB,AB,AB,AB,AB,AB,AB,AB,AB,AB,AB,AB,AB,AB,AB,AB,AB,AB,AB,AB,AB,AB,AB,AB,AB,AB,AB,AB,AB,AB,AB,AB,AB,AB,AB,AB
F2S25,S,AA,AA,AA,AA,AA,AA,AA,AA,AA,AA,AA,AA,AA,AA,AA,AB,AB,AB,AB,AB,AB,AB,AB,AB,AB,AB,AB,AB,AB,AB,AB,AB,AB,AB,AB,AB,AB,AB,AA,AA,AA,AA,AA,AA,AA,AA,AA,AA,AA,AA,AA,AA,AA,AA,AA,AA,AA,AA,AA,AA,AA,AA,AA,AA,AA,AA,AA,AA,AA,AA,AA,AA,AA,AA,AA,AB,AB,AB,AB,AB,AB,AB,AB,AB,AB,AB,AB,AB,AB,AB,AB,AB,AB,AB,AB,AB,AB,AB,AB,AB,AB,AB,AB,AB,AB,AB,AB,AB,AB,AB,AB,AB,AB,AB,AB,AB,AB,AB,AB,AB,AB,AB,AB,AA,AA,AA,AA,AA,AA,AA,AA,AA,AA,AA,AA,AA,AA,AA,AA,AA,AA,AA,AB,AB,AB,AB,AB,AB,AB,AB,AB,AB,AB,AB,AB,AB,AB,AB,AB,AB,AB,AB,AA,AA,AA,AA,AA,AA,AA,AA,AA,AA,BB,BB,BB,BB,BB,BB,BB,BB,BB,BB,BB,BB,BB,BB,BB,BB,BB,BB,BB,BB,BB,BB,BB,BB,BB,BB,BB,BB,BB,BB,BB,BB,BB,BB,BB,BB,BB,BB,BB,BB,BB,BB,BB,BB,BB,BB,BB,BB,BB,BB,BB,BB,AB,AB,AB,AB,AB,AB,AB,AB,AB,AB,AB,AB,AB,AB,BB,BB,BB,BB,BB,BB,BB,AB,AB,AB,AB,AB,AB,AB,AB,AB,AB,AB,AB,AB,AB,AB,AB,AB,AB,AB,AA,AA,AA,AA,AA,AA,AA,AA,AA,AA,AA,AA,AA,AA,AA,AA,AA,AA,AA,AB,AB,AB,AB,AB,AB,AB,AB,AA,AA,AA,AA,AA,AA,AA,AA,AA,AA,AB,AB,AB,AB,AB,AB,AB,AB,AB,AB,AB,AB,AB,AB,AB,AB,AB,AB,AB,AB,AB,BB,BB,BB,BB,BB,BB,BB,BB,AA,AA,AA,AA
F2S26,S,BB,AA,AB,AB,AB,AB,AB,AB,AB,AB,AB,AB,AB,AB,AB,AB,AB,AB,AB,AB,AB,-,AB,AB,AB,AB,AB,AB,AB,AB,AB,AB,AB,AB,AB,AB,AB,AB,BB,BB,BB,BB,BB,BB,AB,AB,AB,AB,AB,AB,AB,AB,AB,AB,AB,AB,AB,AB,AB,AB,AB,AB,AB,AB,AB,AB,AB,AB,AB,AB,BB,BB,BB,BB,BB,-,AB,BB,AB,AB,AB,-,-,AB,AB,AB,AB,AB,AB,AB,AB,AB,-,AB,AB,AB,AB,AB,AB,BB,BB,BB,BB,BB,BB,BB,BB,BB,BB,-,AA,AA,AA,AA,AA,AA,AA,AA,AA,AA,AA,AA,AA,AA,AA,AA,AA,AA,AA,AA,AA,AA,AB,AB,AB,AB,AB,AB,AB,AB,AB,AB,AB,AB,-,AB,AB,AB,AB,AB,AB,AB,AB,-,AB,AB,AB,AB,AB,AB,AB,-,AB,AB,AB,AB,AB,AB,AB,AB,AB,AB,AA,AA,AA,AA,AA,AA,AA,-,AA,AA,AA,AA,AA,AA,AA,AA,AA,AA,AA,AA,AA,AA,AA,AA,AA,AA,AA,BB,BB,BB,BB,BB,BB,BB,BB,BB,AB,AB,AB,AB,AB,AB,AB,AB,AB,AB,AB,AB,AB,AB,AB,BB,BB,BB,BB,BB,BB,BB,BB,BB,BB,BB,BB,BB,BB,BB,BB,BB,AB,AB,AB,AB,AB,AA,AA,AA,AA,AA,AA,AA,AA,AA,AA,AA,AA,AA,AA,AA,AA,AA,AA,AA,AB,AB,AB,AB,AB,AB,AB,AB,AB,AB,AB,AB,AB,AB,AB,AB,AB,AB,AB,BB,BB,BB,BB,BB,BB,BB,BB,AB,AB,AB,AB,AB,AB,AB,AB,AB,AB,AB,AB,AB,AB,AB,AB,AB,AB,AB,AB,AB,AB,AB,AB,AB,AB,AB,AB,AB,AB,AB,AB,AB,AB,AB,AB,AB,AB,AB,AB,AB,AB,AB
F2S27,S,-,-,AB,-,AB,AB,AB,-,-,AB,AB,AB,AB,AB,AB,AB,AB,AB,AB,AB,AB,AB,AB,AB,-,AB,-,-,-,AB,AA,AA,-,AA,AA,-,AA,AA,-,AB,AB,AB,AB,AB,BB,-,BB,-,BB,BB,BB,-,BB,BB,BB,BB,-,BB,-,BB,BB,BB,BB,-,BB,AB,AB,AB,-,AB,AB,AB,AB,AB,-,-,AB,-,AB,AB,AB,-,-,AB,AB,AB,AB,-,-,-,AB,AB,-,AB,AB,AB,-,AB,AB,-,AA,AA,-,AA,AA,-,AA,AA,-,-,-,AB,AB,-,-,-,BB,-,AB,-,-,AB,-,AB,-,AB,AB,-,AB,AB,AB,AB,-,-,-,AB,AB,AB,AB,AB,-,AB,BB,-,-,AB,AB,AB,AB,AB,AB,AB,AB,-,-,-,-,-,AB,AB,AB,-,AB,-,AB,AB,AB,-,-,AB,AB,AB,BB,BB,BB,AB,AB,AB,AB,-,AB,-,AB,AB,-,-,AB,AB,AB,AB,AB,AB,AB,AB,-,-,BB,BB,BB,-,AB,-,AB,AB,-,BB,-,AB,AB,-,-,AA,AA,-,-,-,AA,-,AA,AB,AB,AB,AB,AB,-,BB,BB,BB,BB,BB,BB,BB,-,BB,-,-,BB,BB,-,BB,-,BB,-,-,BB,BB,-,BB,-,BB,BB,BB,-,-,AB,-,AB,AB,AB,AB,AB,-,-,AB,-,BB,AB,-,-,AB,-,AB,AB,AB,AB,AB,-,-,AB,AB,AB,AB,AB,BB,AB,AB,-,AB,-,AB,AB,-,AB,-,-,-,AB,-,-,AB,AB,AA,AA,AA,AA,AA,AA,-,AA,AA,AA,AA,AA,AA,AA,AA,-,AA,-,-,AA,AA,-,AA,-,AA,AA,AA,-,AA,-,-,-,-
F2S28,S,AB,AB,AB,AB,AB,AB,AB,AB,AB,AB,AB,AB,AB,AB,AB,AB,AB,AB,AB,AB,AB,AB,AB,AB,AB,AB,AB,AB,AB,AB,AB,AB,AB,AB,AB,AB,AB,AB,BB,BB,BB,BB,BB,BB,AB,AB,AB,AB,AB,AB,AB,AB,AB,AB,AB,AB,AB,AB,AB,AB,AB,AB,AB,AB,AB,AB,AB,AB,AB,AB,AB,BB,BB,BB,BB,AB,AB,AB,AB,AB,AB,AB,AB,AB,AB,AB,AB,AB,AB,AB,AB,AB,AB,AB,AB,AB,AB,AB,AB,AB,AB,AB,AB,AB,AB,AB,AB,AB,AB,AB,AB,AB,AB,AB,AB,AB,AB,AB,AB,AB,AB,AB,AB,AB,AB,AB,AB,AB,AB,AB,AB,AB,AB,AB,AB,AB,AB,AB,AB,AA,AA,AA,AB,BB,BB,BB,BB,BB,BB,BB,BB,BB,BB,BB,BB,BB,BB,BB,BB,-,BB,BB,BB,BB,BB,BB,BB,BB,BB,BB,BB,BB,AB,AB,AB,AB,AB,AB,AB,AB,AB,AB,AB,AB,AB,AB,AB,AB,AB,AB,AB,AB,AB,AB,AB,AB,AB,AB,AB,AA,AA,AA,AA,AA,AA,AA,AA,AA,AA,AA,AA,AA,AA,AA,AA,AA,AA,AA,AA,AA,AA,AA,AA,AA,BB,BB,BB,BB,BB,BB,BB,BB,BB,BB,BB,BB,BB,BB,BB,BB,BB,BB,BB,BB,BB,AB,AB,AB,AB,AB,AB,AB,AB,AB,AB,AB,AB,AB,AB,AB,AB,AB,AB,AB,AB,AB,AB,AB,AB,AB,AB,AB,AB,AB,AB,AB,AB,AB,AB,AB,AB,AB,AB,BB,BB,BB,BB,BB,AB,AB,AB,AB,AB,AB,AB,AB,AB,AB,AB,AB,AB,AB,AB,AB,AB,AB,AB,AB,AB,AB,AB,AB,AB,AB,AB,AB,AA,AA,AA,AA,AA,AA,AA,AA,AA,AA,AA,AA,AA,AA,AB,AB,AB,AB
F2S29,S,AB,AB,AB,AB,AB,AB,AB,AB,AB,AB,AB,AB,AB,AB,AB,AB,AB,AB,AB,AB,AB,AB,AB,AB,AB,AB,AB,AB,AB,AB,AB,AB,AB,AB,AB,AB,AB,AB,BB,BB,BB,BB,BB,BB,BB,BB,AB,BB,BB,BB,BB,BB,BB,BB,BB,BB,BB,BB,BB,BB,BB,BB,BB,BB,BB,BB,BB,BB,BB,BB,BB,BB,BB,BB,BB,AB,AB,AB,AB,AB,AB,AB,AB,AB,AB,AB,AB,AB,AB,-,AB,AB,AB,AB,AB,AB,AB,AB,AB,AB,AB,AB,AB,AB,AB,AB,AB,AB,AB,AB,AB,AB,AB,AB,AB,AB,AB,AB,AB,AB,AB,AB,AB,AB,AB,AB,AB,AB,AB,AB,AB,AB,AB,BB,BB,BB,BB,BB,BB,BB,BB,BB,AB,AB,AB,AB,AB,AB,AB,AB,AB,AB,AB,AB,AB,AB,AB,AB,AB,AB,AB,AB,AB,AB,AB,AB,AB,AB,AB,AB,AB,AB,AA,AA,AA,AA,AA,AA,AA,AA,AA,AB,AB,AB,AB,AB,AB,AB,AB,AB,AB,AB,AB,AA,AA,AA,AA,AA,AA,AB,AB,AB,BB,BB,BB,BB,BB,BB,BB,BB,BB,BB,BB,BB,BB,BB,BB,BB,BB,BB,BB,BB,BB,BB,BB,BB,BB,BB,BB,BB,BB,BB,BB,BB,BB,BB,BB,BB,BB,BB,BB,BB,BB,BB,BB,AB,AB,AB,AB,AB,AB,AB,AB,AB,AB,AB,AB,AB,AB,AB,AB,AB,AB,AB,AA,AA,AA,AA,AA,AA,AA,AA,AA,AA,AA,AA,AA,AA,AA,AA,AA,AA,AA,AB,AB,AB,AB,AB,AB,AB,AB,AB,AB,AB,AB,AB,AB,AB,AB,AB,AB,AB,AB,AB,AB,AB,AB,AB,AB,AB,AB,AB,AB,AB,AB,AB,AB,AB,AB,AB,AB,AB,AB,AB,AB,AB,AB,AB,AB,AB,AA,AA,AA,AA
F2S30,S,AB,AB,AB,AB,AB,AB,AB,AB,AB,AB,AB,AB,AB,AB,AB,AB,AB,AB,AB,AB,AB,AB,AB,AB,AB,AB,AB,AB,AB,AB,AB,AB,AB,AB,AB,AB,AB,AB,AB,AB,AB,AB,AB,AB,AB,AB,AB,AB,AB,AB,AB,BB,BB,BB,BB,AB,AB,AB,AB,AB,AB,AB,AB,AB,AB,AB,AB,AB,AB,AB,AB,AB,AB,AB,AB,AB,AB,AB,AB,AB,AB,AB,AB,AB,AB,AB,AB,AB,AB,AB,AB,AB,AB,AB,AB,AB,AB,AB,AB,AB,AB,AB,AB,AB,AB,AB,AB,AB,AB,AB,AB,AB,AB,AB,AB,AB,AB,AB,AB,AB,AB,AB,AB,AB,AB,AB,AB,AB,AB,AB,AB,AB,AB,AB,AB,AB,AB,AB,AB,AB,AB,AB,BB,BB,BB,BB,BB,BB,BB,BB,BB,BB,BB,BB,BB,BB,BB,BB,BB,BB,BB,BB,BB,BB,BB,BB,BB,BB,BB,BB,BB,BB,AB,AB,AB,AB,AB,AB,AB,AB,AB,AB,AB,AB,AB,AB,AB,AB,AB,AB,AB,AB,AB,AB,AB,AB,AB,AB,AB,AA,AA,AA,AA,AA,AA,AA,AA,AA,AA,AA,AB,AB,AB,AB,AB,AB,AB,AB,AB,AB,AB,AA,AA,AA,AA,AA,AA,AA,AA,AA,AA,AA,AA,AA,AA,AA,AA,AB,AB,AB,AB,AB,AB,AB,AB,AB,AB,AB,AB,AB,AB,AB,AB,AB,AB,AB,AB,AB,BB,BB,BB,BB,BB,BB,AB,AB,AB,AB,AB,AB,AB,AB,AB,AB,AB,AB,AB,AB,AB,AB,AB,AB,AB,AB,AB,AB,AB,AB,AB,AB,AB,AB,AB,AB,AB,AB,AB,AB,AB,AB,AB,AA,AA,AA,AA,AA,AA,AA,AA,AA,AA,AA,AA,AA,AA,AA,AA,AA,AA,AA,AA,AA,AA,AA,AA,AA,AA,AA,AB,AB,AB,AB,AB,AB
F2S31,S,AB,AB,AB,AB,AB,AB,AB,AB,AB,AB,AB,AB,AB,AB,AB,AB,AB,AB,AB,AB,AB,AB,AB,AB,AB,AB,AB,AB,AB,AB,AB,AB,AB,AB,AB,AB,AB,AB,BB,BB,BB,BB,BB,BB,BB,BB,BB,BB,BB,BB,BB,BB,BB,BB,BB,BB,BB,BB,BB,BB,BB,BB,BB,BB,BB,BB,BB,BB,BB,BB,BB,BB,BB,BB,BB,AA,AA,AA,AA,AA,AA,AA,AA,AA,AA,AA,AA,AA,AA,AA,AA,AA,AA,AA,AA,AA,AA,AB,AB,AB,AB,AB,AB,AB,AB,AB,AB,AB,AB,AA,AA,AB,AB,AB,AB,AB,AB,AB,AB,AB,AB,AB,AB,AB,AB,AB,AB,AB,AB,AB,AB,AB,AB,AB,AB,AB,AB,AB,AB,AB,AB,AB,AB,AB,AB,AB,AB,AB,AB,AB,AB,AB,AB,AA,AA,AA,AA,AA,AA,AA,AA,AA,AA,AA,AA,AA,AA,AA,AA,AA,AA,AA,BB,BB,BB,BB,BB,BB,BB,BB,BB,BB,BB,BB,BB,BB,BB,BB,BB,BB,BB,BB,BB,BB,BB,BB,BB,BB,BB,AB,AB,AB,AB,AB,BB,BB,BB,BB,BB,BB,BB,BB,BB,BB,BB,BB,BB,BB,BB,BB,BB,BB,BB,BB,AB,AB,AB,AB,AB,AB,AB,AB,AB,AB,AB,AB,AB,AB,AB,AB,AB,AB,AB,AB,AB,AB,AB,AB,AB,AB,AB,BB,BB,BB,BB,BB,BB,BB,BB,BB,BB,BB,BB,BB,AB,AB,AB,AB,AB,BB,BB,BB,BB,BB,BB,BB,BB,BB,BB,BB,BB,BB,BB,AB,AB,AB,AB,AB,AB,AB,AB,BB,BB,BB,BB,BB,BB,BB,BB,BB,BB,AA,AA,AA,AA,AA,AA,AA,AA,AA,AA,AA,AA,AA,AA,AA,BB,BB,BB,BB,BB,BB,BB,BB,BB,BB,BB,BB,BB,BB,AB,AB,AB,AB
F2S33,S,AB,AB,AB,AB,AB,AB,AB,AB,AB,AB,AB,AB,AB,AB,AB,AB,AB,AB,AB,AB,AB,AB,AB,AB,AB,AB,AB,AB,AB,AB,AB,AB,AB,AB,AB,AB,AB,AB,AA,AB,AB,AB,AB,AB,AB,AB,AB,AB,AB,AB,AB,AB,AB,AB,AB,AB,AB,AB,AB,AB,AB,AB,AB,AB,AB,AB,AB,AB,AB,AB,AB,AB,AB,AB,AB,AB,AB,AB,AB,AB,AB,AB,AB,AB,AB,AB,AB,AB,AB,AB,AB,AB,AB,AB,AB,AB,AB,AB,AB,BB,BB,BB,BB,BB,BB,BB,BB,BB,BB,AA,AA,AA,AA,AA,AA,AA,AA,AA,AA,AA,AA,AA,AA,AA,AA,AA,AA,AA,AA,AA,AA,AA,AA,AA,AA,AA,AA,AA,AA,AA,AA,AB,AA,AA,AA,AA,AA,AA,AA,AA,AA,AA,AA,AA,AA,AA,AA,AA,AA,AA,AA,AA,AA,AA,AA,AA,AA,AA,AA,AA,AA,AA,AA,AA,AA,AA,AA,AA,AA,-,AA,AA,AA,AA,AA,AA,AA,AA,AA,AA,-,AA,AA,AA,AA,AA,AA,AA,AA,AB,AB,AB,AB,AB,AB,AB,AB,AB,AB,AB,AB,AB,AB,AB,AB,AB,AB,AB,AB,AB,AB,AB,AB,AB,AA,AA,AA,AA,AA,AA,AA,AA,AA,AA,AA,AA,AA,AA,AA,AA,AA,AA,AA,AA,AA,AB,AB,AB,AB,AB,AB,AB,AB,AB,AB,AA,AA,AA,AA,AA,AA,AA,AA,AA,AA,AA,AA,AA,AA,AA,AA,AA,AA,AA,AA,AA,AA,AA,AA,AA,AA,AA,AA,AA,AA,AA,AA,AA,AA,AA,AA,-,AA,AA,AA,AA,AA,AA,AA,AA,AA,AA,AA,AA,AA,AA,AA,AA,AA,AA,AA,AA,AA,AA,AA,AA,AA,AA,AA,AA,AA,AB,AB,AB,AB,AB,AB,AB,AB,AB,AB,AB,AB,AB
F2S34,S,BB,BB,BB,BB,BB,BB,BB,BB,BB,BB,BB,BB,BB,BB,BB,BB,AB,AB,AB,AB,AB,AB,AB,AB,AB,AB,AB,AB,AB,AB,AB,AB,AB,AB,AB,AB,AB,AB,AA,AA,AB,AB,AB,AB,AB,AB,AB,AB,AB,AB,AB,AB,AB,AB,AB,AB,AB,AB,AB,AB,AB,AB,AB,AB,AB,AB,AB,AB,AB,AB,AB,AB,AB,AB,AB,AA,AA,AA,AA,AA,AA,AA,AA,AA,AA,AA,AA,AA,AA,AA,AA,AA,AA,AA,AA,AA,AA,AA,AA,AA,AA,AA,AA,AA,AB,AB,AB,AB,AB,AB,AB,AB,AB,AB,AB,AB,AB,AB,AB,AB,AB,AB,AB,AA,AA,AA,AA,AA,AA,AA,AA,AA,AA,AA,AA,AA,AA,AA,AA,AA,AA,AA,BB,BB,BB,BB,BB,BB,BB,BB,BB,BB,BB,BB,BB,BB,BB,BB,BB,AB,AB,-,AB,AB,AB,AB,AB,AB,AB,AB,AB,AB,AA,AA,AA,AA,AA,AA,AA,AA,AA,AA,AA,AA,AA,AA,AA,AA,AA,AA,AA,AA,AA,AA,AA,AA,AA,AB,AB,AB,AB,AB,BB,BB,BB,BB,BB,BB,BB,BB,BB,BB,BB,BB,BB,BB,BB,BB,BB,BB,BB,BB,BB,BB,AB,AB,AB,AB,AB,AB,AB,AB,AB,AB,AB,AB,AB,AB,AB,AB,AB,AB,AB,AB,AB,AB,AB,AB,AB,AB,AB,AB,AB,AB,AB,AB,AB,AB,AB,AB,AB,AB,AB,AB,BB,BB,AB,AB,AB,AB,AB,AB,AB,AB,AB,AB,AB,AB,AB,AB,AB,AB,AB,AB,AB,AB,AB,AB,AB,AB,AB,AB,AB,AB,AB,AB,AB,AB,AB,AB,AB,AA,AA,AA,AA,AA,AA,AA,AA,AA,AA,AA,AA,AA,AA,AA,AB,AB,AB,AB,AB,AB,AB,AB,AB,BB,BB,BB,BB,BB,BB,BB,BB,BB
F2S35,S,AB,AB,AB,AB,AB,AB,AB,AB,AB,AB,AB,AB,AB,AB,AB,AB,AB,AB,AB,AB,BB,BB,BB,BB,BB,BB,BB,BB,BB,BB,-,BB,BB,BB,BB,BB,BB,BB,BB,BB,BB,BB,BB,BB,BB,BB,BB,BB,BB,BB,BB,BB,BB,BB,BB,BB,BB,BB,BB,BB,BB,BB,BB,BB,BB,BB,BB,BB,BB,BB,BB,BB,BB,BB,BB,AB,AB,AB,AB,AB,AB,AB,-,AB,AB,AB,AB,AB,AB,AB,AB,AB,AB,AB,AB,AB,AB,AB,AB,AB,AB,AB,AB,AB,AB,AB,AB,AB,AB,AB,AB,AB,AB,AB,AB,AB,AB,AB,AB,AB,AB,AB,AB,AB,AB,AB,AB,AB,AB,AB,AB,AB,AB,AB,AB,AB,AB,AB,AB,AA,AA,AA,AA,AA,AA,AB,AB,AB,AB,AB,AB,AB,AB,AB,AB,AB,AB,AB,AB,AB,AB,AB,AB,AB,AB,AB,AB,AB,AB,AB,AB,AB,AB,AB,AB,AB,AB,AB,AB,AB,AB,AB,AB,AB,AB,AB,AB,AB,AB,AB,AB,AB,AB,AB,AB,AB,AB,AB,AB,BB,AB,AB,AB,AB,AB,AB,AB,AB,AB,AB,AB,AB,AB,AB,AB,AB,AB,AB,AB,AB,AB,AB,AB,AB,BB,BB,BB,BB,BB,BB,BB,BB,BB,BB,AB,AB,AB,AB,AB,AB,AB,AB,AB,AB,AB,AA,AA,AA,AA,AA,AA,AA,AA,AA,AA,AA,AA,AA,AA,AA,AA,AA,AA,AA,AA,AA,AA,AA,AA,AB,AB,AB,AB,AB,AB,AB,AB,AB,AB,AB,AB,AB,AB,AA,AA,AA,AA,AA,AA,AA,AA,-,AB,AB,AB,-,AB,AB,AB,AB,AB,AB,AB,AB,AB,AB,AA,AA,AA,AA,AA,AA,AA,AA,AA,AA,AB,AB,AB,AB,AB,AB,AB,AB,AB,AB,AB,AB,AB,AB,AB,AB,AB,AB
F2S36,S,BB,BB,BB,BB,BB,BB,BB,BB,BB,BB,BB,BB,BB,BB,BB,BB,-,BB,BB,BB,BB,BB,BB,BB,BB,BB,BB,BB,BB,AB,AB,AB,AB,AB,AB,AB,AB,AB,AB,AB,AB,AB,AB,AB,BB,BB,BB,BB,BB,BB,BB,BB,BB,BB,BB,BB,BB,BB,BB,BB,AB,AB,AB,AB,AB,AB,AB,AB,AB,AB,AB,AB,AB,AB,AB,AB,AB,AB,AB,AB,AB,AB,AB,AB,AB,AB,AB,AB,AB,AB,AB,AB,AB,AB,AB,AB,AB,AB,AB,AB,AB,AB,AB,AB,AB,AB,AB,AB,AB,AB,AB,AB,AB,AB,AB,AB,AB,AB,AB,AB,AB,AB,AB,AB,AB,AB,AB,AB,AB,AB,AB,AB,AB,AB,AB,AB,AB,AB,AB,AB,AB,AB,AA,AA,AA,AA,AA,AA,AA,AA,AA,AA,AA,AA,AA,AA,AA,AA,AA,AA,AA,AA,AA,AA,AA,AA,AA,AA,AA,AA,AA,AA,BB,BB,BB,BB,BB,BB,BB,BB,BB,AB,AB,AB,AB,AB,AB,AB,AB,AB,AB,AB,AB,BB,BB,BB,BB,BB,BB,AB,AB,AB,AB,AB,AB,AB,AB,AB,AB,AB,AB,AB,AB,AB,AB,AB,AB,AB,AB,AB,AB,AB,AB,AB,AA,AA,AA,AB,AB,AB,AB,AB,AB,AB,AB,AB,AB,AB,AB,AB,AB,AB,AB,AB,AB,AA,AA,AA,AA,AA,AA,AA,AA,AA,AA,AA,AA,AA,AA,AA,AA,AA,AA,AA,BB,BB,BB,BB,BB,BB,BB,BB,BB,BB,BB,BB,BB,BB,BB,BB,BB,BB,BB,AA,AA,AA,AA,AA,AA,AB,AB,AB,AB,AB,AB,AB,AB,AB,AB,AB,AB,AA,AA,AA,AA,AA,AA,AA,AA,AA,AA,AA,AA,AA,AA,AA,BB,BB,BB,BB,BB,BB,BB,BB,BB,BB,BB,BB,BB,BB,AB,AA,AA,AA
F2S37,S,BB,BB,BB,BB,BB,BB,BB,BB,BB,-,BB,BB,BB,BB,BB,BB,BB,BB,BB,BB,BB,BB,BB,BB,BB,BB,BB,BB,BB,BB,BB,BB,BB,BB,BB,BB,BB,BB,BB,BB,BB,BB,BB,BB,AB,AB,AB,AB,AB,AB,AB,AB,AB,AB,AB,AB,AB,AB,AB,AB,AB,AB,AB,AB,AB,AB,AB,AB,AB,AB,BB,BB,BB,BB,BB,BB,BB,BB,BB,BB,BB,BB,BB,BB,BB,BB,BB,BB,BB,BB,BB,BB,BB,BB,BB,BB,BB,BB,BB,BB,BB,BB,BB,BB,BB,BB,BB,-,BB,BB,BB,BB,BB,-,BB,BB,BB,BB,BB,BB,BB,BB,BB,BB,BB,BB,BB,BB,BB,BB,BB,BB,BB,BB,BB,BB,BB,BB,BB,BB,BB,BB,BB,BB,BB,-,BB,BB,BB,BB,BB,BB,BB,BB,BB,BB,BB,BB,BB,BB,BB,BB,BB,BB,BB,BB,BB,BB,BB,BB,BB,BB,AB,AB,AB,AB,AB,AB,AB,AB,AB,AB,AB,AB,AB,AB,AB,AB,AB,AB,AB,AB,AB,AB,AB,AB,AB,AB,AB,AA,AA,AA,AA,AA,AA,AA,AA,AA,AA,AA,AA,AA,AA,AA,AA,AA,AA,AA,AA,AA,AA,AA,AA,AA,AB,AB,AB,AB,AB,AB,AB,AB,AB,AB,AB,AB,AB,AB,AB,AB,AA,AA,AA,AA,AA,AA,AA,AA,AA,AA,AA,AA,AA,AA,AA,-,AA,AA,AA,AA,AA,AA,AA,AA,AB,AB,AB,AB,AB,AB,AB,AB,AB,AB,AB,AB,AB,AB,AB,AB,AB,AB,AB,BB,BB,BB,BB,BB,-,BB,BB,BB,BB,BB,BB,BB,BB,AB,BB,BB,BB,AA,AA,AA,AA,AA,AA,AA,AA,AA,AA,AA,AA,AA,AA,AA,AA,AA,AB,AB,AB,AB,AB,AB,AB,AB,AB,AB,AB,AB,AB,AB,AB,AB
F2S38,S,-,BB,BB,BB,BB,BB,BB,BB,-,BB,BB,BB,BB,BB,BB,BB,BB,BB,BB,-,-,BB,BB,BB,BB,BB,BB,BB,BB,BB,-,BB,AB,BB,BB,BB,BB,BB,BB,-,BB,BB,BB,BB,BB,BB,BB,BB,BB,BB,BB,BB,BB,BB,BB,BB,BB,BB,BB,BB,BB,BB,BB,-,BB,BB,BB,BB,BB,BB,BB,BB,BB,BB,BB,BB,AB,AB,AB,AB,AB,-,-,AB,AB,AB,AB,-,AB,AB,AB,AB,AB,AB,AB,AB,AB,AB,AB,AB,AB,AB,AB,AB,AB,AB,AB,AB,AB,-,AB,AB,AB,-,AB,AB,AB,-,AB,AB,AB,AB,AB,AB,AB,AB,AB,AB,AB,AB,AB,AB,AB,AB,AB,AB,AB,AB,AB,AA,AA,AA,AA,AA,AB,AB,AB,AB,AB,AB,AB,AB,AB,-,AB,AB,AB,AB,AB,AB,AB,-,AB,-,AB,AB,AB,AB,AB,AB,AB,AB,AA,AA,AA,AA,AA,AA,AA,-,AA,AA,AA,AA,AA,AA,-,-,AA,AA,-,AA,AA,-,AA,AA,AA,AA,AA,AB,AB,AB,AB,AB,AB,-,AB,AB,AB,AB,-,AB,AB,AB,AB,AB,AB,AB,AB,AB,-,AB,AB,AB,AA,AA,AA,AA,AA,AA,AA,AA,AA,AA,-,AA,AA,AA,AA,AA,AB,AB,AB,AB,AB,AB,BB,BB,BB,BB,BB,BB,BB,BB,BB,BB,BB,BB,AB,BB,BB,BB,BB,BB,AA,AA,AA,AA,AA,AA,AA,AA,AA,AA,AA,AA,AA,AA,AA,AA,AA,AA,AA,AB,AB,AB,AB,AB,AB,AB,AB,BB,BB,BB,BB,BB,BB,-,BB,BB,BB,-,AB,AB,AB,AB,AB,AB,-,AB,AB,AB,AB,AB,AB,AB,AA,AB,AB,AB,BB,-,BB,BB,BB,BB,BB,BB,BB,BB,AB,AB,AB,AB
F2S39,S,BB,BB,BB,BB,BB,BB,BB,BB,BB,BB,BB,BB,BB,BB,BB,BB,BB,BB,BB,BB,BB,BB,BB,BB,BB,BB,BB,BB,BB,BB,BB,BB,BB,BB,BB,BB,BB,BB,AA,AA,AA,AA,AA,AA,AA,AA,AA,AA,AA,AA,AA,AB,AB,AB,AA,AA,AA,AA,AA,AA,AA,AA,AA,AA,AA,AA,AA,AA,AA,AA,AA,AA,AA,AA,AA,BB,BB,BB,BB,BB,BB,BB,BB,BB,BB,BB,BB,BB,BB,BB,BB,BB,BB,BB,BB,BB,BB,BB,BB,AB,AB,AB,AB,AB,AB,AB,AB,AB,AB,AB,AB,AB,AB,AB,AB,AB,AB,AB,AB,AB,AB,AB,AB,AB,AB,AB,AB,AB,AB,AB,AB,AB,AB,BB,BB,BB,BB,BB,BB,BB,BB,BB,AB,AB,AB,AB,AB,AB,AB,AB,AB,AB,AB,AB,AB,AB,AB,AB,AB,AB,AB,AB,AB,AB,AB,AB,AB,AB,AB,AB,AB,AB,BB,BB,BB,BB,BB,BB,BB,BB,BB,BB,BB,BB,BB,BB,BB,BB,BB,BB,BB,BB,BB,BB,BB,BB,BB,BB,BB,AA,AA,AA,AA,AA,AA,AA,AA,AA,AB,AB,AB,AB,AB,AB,AB,AB,AB,AB,AB,AB,AB,AB,AB,AB,BB,AB,AB,AB,AB,AB,AB,AB,AB,AB,AB,AB,AB,AB,AB,AB,AB,AB,AB,AB,AB,BB,BB,BB,BB,BB,BB,BB,BB,BB,BB,BB,BB,BB,BB,BB,BB,BB,BB,BB,BB,BB,BB,BB,BB,BB,BB,BB,BB,BB,BB,BB,BB,BB,BB,BB,BB,BB,BB,AB,AB,AB,AB,AB,AB,AB,AB,AB,AB,AB,AB,AB,AB,AB,AB,AB,AB,AB,AB,AB,AB,AB,AB,AB,AB,AB,AB,AB,AB,AB,AB,AB,AB,AB,AB,AB,AB,AB,AB,AB,AB,AB,AB,AB,AB,AB,AB,BB,BB,BB
F2S40,S,AA,AA,AA,AA,AA,AA,AA,AA,AA,AA,AA,AA,AA,AA,AA,AA,AA,AA,AA,AA,AA,AA,AA,AA,AA,AA,AA,AA,AA,AA,AA,AA,AA,AA,AA,AA,AA,AA,AB,AB,AB,AB,AB,AB,AA,AA,AA,AA,AA,AA,AA,AA,AA,AA,AA,AA,AA,AA,AA,AB,AB,AB,AB,AB,AB,AB,AB,AB,AB,AB,AB,AB,AB,AB,AB,AA,AA,AA,AA,AA,AA,AA,AA,AA,AA,AA,AA,AA,AA,AA,AA,AA,AA,AA,AA,AA,AA,AA,AA,AA,AA,AA,AA,AA,AA,AA,AA,AA,AA,AA,AA,AA,AA,AA,AA,AA,AA,AA,AA,AA,AA,AA,AA,AA,AA,AA,AA,AA,AA,AA,AA,AA,AA,AA,AA,AA,AA,AA,AB,AB,AB,AB,AB,AB,AB,AB,AB,AB,AB,AB,AB,AB,AB,AB,AB,AB,AB,AB,AB,AB,AB,AB,AB,AB,AB,AB,AB,AB,AB,AB,AB,AB,AB,AB,AB,AB,AB,AB,AB,AB,AB,AB,AB,AB,AB,AB,AB,AB,AB,AB,AB,AB,AB,AB,AB,AB,AB,AB,AB,AA,AA,AA,AA,AA,AA,AA,AA,AA,AA,AA,AA,AA,AA,AA,AA,AA,AA,AA,AA,AA,AA,AA,AA,AA,BB,BB,BB,BB,BB,BB,BB,BB,BB,BB,BB,BB,BB,BB,BB,BB,BB,BB,BB,BB,BB,BB,BB,BB,BB,BB,BB,AB,AB,AB,AB,AB,AB,AB,AB,AB,AB,AB,AB,AB,AB,AB,AB,AB,AB,AB,AB,AB,AB,AB,AB,AB,AB,AB,AB,AB,AB,AB,AB,AB,AB,AB,AB,AB,AB,AB,AB,AB,AB,AB,AB,AB,AB,AB,AB,AB,AB,AB,AB,AB,AB,AB,AB,AB,AB,AB,AB,AB,AB,AB,AB,AB,AA,AA,AA,AA,AA,AA,AA,AA,AA,AA,AA,AA,AA,AA,BB,BB,BB,BB
F2S41,S,AB,AB,AB,AB,AB,AB,AB,AB,AB,AB,AB,AB,AB,AB,AB,AB,AB,AB,AB,AB,BB,BB,BB,BB,AB,AB,AB,AB,BB,BB,BB,BB,BB,BB,BB,BB,BB,BB,AB,AB,AB,AB,AB,AB,AB,AB,AB,AB,AB,AB,AB,AB,AB,AB,AB,AB,AB,AB,AB,AB,AB,AB,AB,AB,AB,AB,AB,AB,AB,AB,AB,AB,AB,AB,AB,-,AB,AB,AB,AB,AB,AB,AB,AB,AB,AB,AB,AB,AB,AB,AB,AB,AB,AB,AB,AB,AB,AB,AB,AB,AB,AB,AB,AB,AB,AB,AB,AB,AB,AB,AB,AB,AB,AB,AB,AB,AB,AB,AB,AB,AB,AB,AB,AA,AA,AA,AA,AA,AA,AA,AA,AA,AA,AA,AA,AA,AA,AA,AA,AA,AA,AA,AA,AA,AA,AA,AA,AA,AA,AA,AA,AA,AA,AA,AA,AA,AA,AA,AA,AA,AA,-,AA,AA,AA,AA,AB,AB,AB,AB,AB,AB,AA,AA,AA,AA,AA,AA,AA,AA,AA,AA,AA,AA,AA,AA,AA,AA,AA,AA,AA,AA,AA,AA,AA,AA,AA,AA,AA,AB,AB,AB,AB,AB,AB,AB,AB,AB,AB,AB,AB,AB,AB,AB,AB,AB,AB,AB,AB,AB,AB,AB,AB,AB,AB,AB,AB,AB,AB,AB,AB,AB,AB,AB,AB,AB,AB,AB,AB,AB,AB,AB,AB,AB,AB,AB,AB,AB,AB,AB,AB,AB,AB,AB,AB,AB,AB,AB,AB,AB,AB,AB,AB,AB,AB,AB,AB,AB,AB,AB,AB,AB,AB,AB,AB,AB,AB,AB,AB,AB,AB,AB,AB,AB,AB,AB,AB,AB,AB,AB,AB,AB,AB,AB,AB,AB,AB,AB,AB,BB,AB,AB,AB,AB,AB,AB,AB,AB,AB,AB,AB,AB,AB,AB,AB,AB,AA,AA,AA,AA,AA,AA,AA,AA,AA,AA,AA,AA,AB,AB,AA,AA,AA,AA
F2S42,S,BB,BB,BB,BB,BB,BB,BB,BB,BB,BB,BB,BB,BB,BB,BB,BB,BB,BB,BB,BB,BB,BB,BB,BB,BB,BB,BB,BB,BB,BB,BB,BB,BB,BB,BB,BB,BB,BB,AB,AB,AB,AB,AB,AB,AB,AB,AB,AB,AB,AB,AB,AB,AB,AB,AB,AB,AB,AB,AB,AB,AB,AB,AB,AB,AB,AB,AB,AB,AB,AB,AB,AB,AB,AB,AB,AB,AB,AB,AB,AB,AB,AB,AA,AA,AA,AA,AA,AA,AA,AA,AA,AA,AA,AA,AA,AA,AA,AA,AA,AA,AA,AA,AA,AA,AA,AA,AA,AA,AA,AB,AB,AB,AB,AB,AB,AB,AB,AB,AB,AB,AB,AB,AB,AA,AA,AA,AA,AA,AA,AA,AA,AA,AA,AA,AA,AA,AA,AA,AA,AA,AA,AA,AB,AB,AB,AB,AB,AB,AB,AB,AB,AB,AB,AB,AB,AB,AA,AA,AA,AA,AA,AA,AA,AA,AA,AA,AA,AA,AA,AA,AA,AA,AA,AA,AA,AA,AA,AA,AA,AA,AA,AA,AA,AA,AA,AA,AA,AA,AA,AA,AA,AA,AA,AA,AA,AA,AA,AA,AA,AB,AB,AB,AB,AB,AB,AB,AB,AB,AB,AB,AB,AB,AB,AB,AB,AB,AB,AB,AB,AB,AB,AB,AB,AB,BB,BB,BB,BB,BB,BB,BB,BB,BB,BB,BB,AB,AB,AB,AB,AB,AB,AB,AB,AB,AB,AB,AB,AB,AB,AB,AB,AB,AB,AB,AB,AB,AB,AB,AB,AB,AB,AB,AB,AB,BB,BB,BB,BB,BB,BB,BB,BB,BB,BB,BB,BB,BB,BB,BB,BB,BB,BB,BB,AB,AB,AB,AB,AB,AB,AB,AB,-,AB,AB,AB,AB,AB,AB,AB,AB,AB,AB,AB,AB,AB,AB,AB,AB,AB,AB,AB,AB,AB,AB,AB,AB,AB,AB,AB,AB,AB,AB,AB,AB,AB,AB,AB,BB,BB,BB,AA,AA,AA,AA
F2S43,S,BB,BB,BB,BB,BB,BB,BB,BB,BB,BB,BB,BB,BB,BB,BB,AB,AB,AB,AB,AB,AB,AB,AB,AB,AB,AB,AB,AB,AB,AB,AB,AB,AB,AB,AB,AB,AB,AB,BB,BB,BB,BB,BB,BB,AB,AB,AB,AB,AB,AB,AB,AB,AB,AB,AB,AB,AB,AB,AB,AB,AB,AB,AB,AB,AB,AB,AB,AB,AB,AB,AB,AB,AB,AB,AB,BB,BB,BB,BB,BB,BB,BB,BB,BB,BB,BB,BB,BB,BB,BB,BB,BB,BB,BB,BB,BB,BB,BB,BB,BB,BB,AB,AB,AB,AB,AB,AB,AB,AB,AB,AB,AB,AB,AB,AB,AB,AB,AB,AB,AB,AB,AB,AB,AB,AB,AB,AB,AB,AA,AA,AA,AA,AA,AA,AA,AA,AA,AA,AA,AA,AA,AA,AB,AB,AB,AB,AB,AB,AB,AB,AB,AB,AB,AB,AB,AB,AB,AB,AB,AB,AB,AB,BB,BB,BB,BB,BB,BB,BB,BB,BB,BB,AB,AB,AB,AB,AB,AB,AB,AB,AB,AB,AB,AB,AB,AB,AB,AB,AB,AB,-,AB,AB,AB,AB,AB,AB,AB,AB,BB,BB,BB,BB,BB,AB,AB,AB,AB,AB,AB,AB,AB,AB,AB,AB,AB,AB,AB,AB,AB,AB,AB,AB,AB,AA,AA,AA,AA,AA,AA,AA,AA,AA,AA,AA,AA,AA,AA,AA,AA,AA,AA,AA,AA,AA,BB,BB,BB,BB,BB,BB,AB,AB,AB,AB,AB,AB,AB,AB,AB,AB,AB,AB,AB,AB,AB,AB,AB,AB,AB,AB,AB,AB,AB,AB,AB,AB,AB,BB,BB,BB,BB,BB,AA,AA,AA,AA,AA,AA,AB,AB,AB,AB,AB,AB,AB,AB,AB,AB,AB,AB,AA,AA,AB,AB,AB,AB,AB,AB,AB,AB,AB,AB,AB,AB,AB,AA,AA,AA,AA,AA,AA,AA,AA,AA,AA,AA,AA,AA,AA,BB,BB,BB,BB
F2S44,S,AB,AB,AB,AB,AB,AB,AB,AB,AB,AB,AB,AB,AB,AB,AB,BB,BB,BB,BB,BB,BB,BB,BB,BB,BB,BB,BB,BB,BB,BB,-,BB,BB,BB,BB,BB,BB,BB,BB,BB,BB,BB,BB,BB,BB,BB,BB,BB,BB,BB,BB,BB,BB,BB,BB,BB,BB,BB,BB,BB,BB,BB,BB,BB,BB,BB,BB,BB,BB,BB,BB,BB,BB,BB,BB,AB,AB,AB,AB,AB,AB,AB,AB,AB,AB,AB,AB,AB,AB,AB,AB,AB,AB,AB,AB,AB,AB,AB,AB,AB,AB,AB,AB,AB,AB,AB,AB,AB,AB,BB,AB,AB,AB,AB,AB,AB,AB,AB,AB,AB,AB,AB,AB,AB,AB,AB,AB,AB,AB,AB,AB,AB,AB,AB,AB,AB,AB,AB,AB,AB,AB,AB,BB,BB,BB,BB,BB,BB,BB,BB,BB,BB,BB,BB,BB,BB,AB,AB,AB,AB,AB,AB,AB,AB,AB,AB,AB,AB,AB,AB,AB,AB,AA,AA,AA,AA,AA,AA,AA,AA,AA,AA,AA,AA,AB,AB,AB,AB,AB,AB,AB,AA,AA,AA,AA,AA,AA,AA,AA,AB,AB,AB,AB,AB,AB,AB,AB,AB,AB,AB,AA,AA,AA,AA,AA,AA,AA,AA,AA,AA,AA,AA,AB,AB,AA,AA,AA,AA,AA,AA,AA,AA,AA,AA,AA,AA,AA,AB,AB,AB,AB,AB,AB,AB,AB,BB,BB,BB,BB,BB,BB,BB,BB,BB,BB,BB,BB,BB,BB,BB,BB,BB,BB,BB,AB,AB,AB,AB,AB,AB,AB,AB,AB,AB,AB,AB,AB,AB,AB,AB,AB,AB,AB,BB,BB,BB,BB,BB,BB,BB,BB,BB,BB,BB,AB,AB,AB,AB,AB,AB,AB,AB,AB,AB,AB,AB,AB,AB,AB,AB,AB,AB,AB,AB,AB,AB,AA,AA,AA,AA,AA,AB,AB,AB,AB,AB,AB,AB,AB,AB,AB,AB,AB,AB
F2S45,S,AB,AB,AB,AB,AB,AB,AB,AB,AB,AB,AB,AB,AB,AB,AB,AB,AB,AB,AB,AB,AB,AB,AB,AB,AB,AB,AB,AB,AB,AB,AB,AB,AB,AB,AB,AB,AB,AB,BB,BB,BB,BB,-,BB,BB,BB,BB,BB,BB,-,BB,BB,BB,BB,BB,BB,BB,BB,BB,BB,BB,BB,BB,BB,BB,BB,-,-,BB,-,BB,BB,BB,BB,BB,-,AB,AB,AB,AB,AB,AB,-,AB,AB,AB,AB,AB,AB,AB,AB,AB,AB,AB,AB,AB,AB,AB,AB,-,AB,AB,AB,AB,AB,AB,AB,AB,AB,BB,BB,BB,-,BB,BB,BB,BB,AB,-,AB,AB,AB,AB,AB,AB,AB,AB,AB,AB,AB,AB,AB,-,AB,AB,AB,AB,AB,AB,AB,AB,AB,-,AA,AA,AA,AA,AA,AA,AA,AA,AA,AA,AA,AA,AA,AA,AA,AA,AA,-,AA,AA,AA,-,AA,AA,AA,AA,AA,AA,AA,BB,BB,-,BB,-,BB,-,BB,BB,BB,BB,AB,BB,BB,BB,BB,BB,BB,-,BB,BB,BB,BB,BB,BB,BB,BB,AB,AB,AB,AB,AB,AB,AB,AB,AB,AB,AB,AB,AB,AB,AB,AB,-,AB,AB,AB,AB,AB,AB,AB,AB,AB,AB,AB,AB,AB,AB,AB,AB,AB,AB,AB,AB,AB,AB,AB,AB,AB,AB,AB,AB,AB,AA,AB,AA,AA,AA,AA,AA,AA,AA,-,AA,AA,AA,AA,AA,AA,AA,AA,AA,AA,AA,-,AA,-,AA,AA,AA,AA,AA,AA,-,AA,AA,AA,AA,AA,-,AA,AA,AA,AA,AA,AA,AA,AA,AA,-,AA,AA,AB,-,-,AA,AA,-,-,AB,AB,AB,AB,AB,AB,AB,AB,AB,AB,AB,-,AA,AA,AA,BB,AB,AB,AB,-,AB,AB,AB,AB,AB,AB,AB,AB,AB,AB,AB,AB,AB
F2S46,S,AB,AB,AB,AB,AB,AB,AB,AB,AB,AB,AA,AA,AA,AA,AA,AA,-,AA,-,AA,AA,AA,AA,AA,AA,-,AA,-,AA,-,AA,AA,AA,-,-,AA,AA,AA,-,-,AA,AA,AA,AA,AA,AA,AA,AA,AA,-,AA,AA,AA,AA,AA,-,-,-,-,AA,AA,-,AA,AA,-,AA,AA,-,-,AA,AA,AA,AA,AA,AA,-,AB,AB,AB,AB,AB,-,-,AB,AB,AB,AB,-,AB,AB,AB,AB,AB,AB,AB,AB,AB,AB,AB,AB,AB,AB,AB,AB,AB,AB,AB,AB,AB,-,AB,AB,-,-,AB,-,-,AB,AA,AA,AA,-,AA,AA,AA,AA,AA,AA,AA,AA,AA,AA,-,AA,AA,AA,-,AA,AA,AA,AA,AA,AA,AA,-,AA,AA,AA,-,-,-,AA,AA,-,-,AA,AB,AB,-,AB,-,-,AB,AB,-,-,AB,AB,AB,AB,AB,AB,AA,AA,AA,AA,AA,AA,-,AA,AB,AB,AB,AB,AB,AB,AB,AB,AB,AB,-,-,AB,-,AA,AA,AA,AA,AA,BB,-,BB,BB,BB,-,BB,BB,BB,-,BB,BB,-,-,BB,-,-,-,BB,BB,BB,BB,BB,BB,BB,AB,AB,AB,AB,-,AB,AB,AB,AB,AB,AB,AB,AB,AB,AB,AB,BB,-,BB,BB,BB,AB,AB,AB,AB,AB,AA,AB,AB,AB,AB,AB,AB,AB,AB,AB,AB,AB,AB,AA,AB,AB,AB,AB,-,AB,AB,AB,AB,AB,AB,AB,AB,-,AB,AB,AB,AB,AB,AB,AB,AB,AB,AB,AB,AB,AB,BB,AB,AB,AB,-,BB,-,AB,-,-,AB,AB,AB,AB,AB,AB,-,-,AB,AB,-,AA,-,AA,AA,-,-,-,AA,-,AA,AA,AA,-,AA,AA,AA,-,-,BB,BB,AB,-
F2S48,S,-,AB,AB,-,AB,AB,AB,AB,AB,AB,-,AA,AB,AA,-,-,AA,AA,AA,AA,AA,-,-,AA,AA,AA,AB,AA,-,AA,-,AB,AB,-,-,AA,-,AA,-,BB,BB,BB,-,-,-,-,AB,-,AB,-,AB,AB,AB,AB,AB,AB,AB,AB,AB,AB,AB,AB,AB,-,BB,-,-,BB,-,BB,-,-,BB,BB,BB,-,AB,AB,AB,-,AB,-,-,-,-,AB,AB,AB,AB,AB,-,AB,AB,-,AB,AB,AB,-,AB,-,AB,-,-,AB,AB,AB,-,AB,AB,-,-,BB,-,-,BB,-,BB,-,BB,BB,BB,BB,AB,-,-,-,BB,BB,-,-,BB,BB,-,-,BB,-,AB,BB,AB,AB,AB,AB,-,BB,BB,-,-,BB,AB,BB,BB,-,BB,BB,-,-,BB,-,-,AB,-,-,AB,AB,-,AB,-,-,-,AB,AB,AB,-,BB,BB,AB,-,AB,-,AB,AB,AB,AB,-,AB,AB,AB,-,AB,AB,-,-,AB,AB,AB,AB,BB,BB,AB,AA,-,AA,-,AA,-,AA,-,-,AA,-,-,-,AA,-,AA,-,-,-,-,-,-,AA,-,AA,-,AA,-,AB,AB,AB,-,-,-,AB,-,AB,-,AB,AB,AB,AB,AB,-,AB,-,AB,AB,AB,AB,AB,-,AB,AB,-,-,-,AB,-,-,-,-,AB,AB,AA,-,AB,-,AB,-,AB,AB,AB,-,AB,AB,AB,AB,AB,-,AB,-,AB,AB,AB,-,AB,AB,AB,BB,-,-,-,BB,BB,-,-,BB,-,-,-,-,AB,AB,AA,AA,-,-,-,-,-,-,-,AA,AA,-,-,-,AB,-,AB,AB,AB,AB,AB,AB,AB,-,AB,AB,AB,AA,AA,AA,-
